,電通はどんな会社？募集概要と採用の難易度・選考基準 ...
,ロゴと - 電通PR
,広告電通賞
,電通の闇が見えてくる | 気になるニュースチェックします。
,企業ロゴのデザインとは | 電通テックの公式メディアBAE
,ロゴデザインパターンを考える | 電通テックの公式メディアBAE
,電通の社長｜山本敏博の出身や経歴を徹底解説！ | Bizual ...
,「電通」と一緒に仕事して感じた”7つの狂った常識” (小太り ...
,電通グループの評判・口コミ・評価の一覧 | 転職・就職に ...
,電通に転職して失敗しないコツ（内部口コミあり）【激務注意】
,電通の働きやすさ・評判は？【転職口コミ全文公開中 ...
,ウェブ電通報 | 広告業界動向とマーケティングのコラム ...
,2020年度新卒採用スタート！ 「電通を、つかえ ... - 電通報
,「日本の広告費」 | ウェブ電通報
,「電通グループ」の記事 | ウェブ電通報
,電通ってどんな会社ですか？ - 視聴率スレを見ていたら電通の ...
,世界最大の広告代理店・電通（4324）の報道されないタブー ...
,企業ロゴに込めたリーディングカンパニーとしての意思とは ...
,株式会社電通の評判・口コミ｜転職・求人・採用情報｜エン ...
,株式会社電通の口コミ・評判（一覧）｜エン ライトハウス ...
,電通マンが実践する「鬼気くばり」の極意を見よ ...
,日本を動かしてきた「電通」の正体～「過労死問題」は落日の ...
,電通ってどんな会社？電通の事業内容9つと電通を知るための本
,電通 - Wikipedia
,電通社員過労自殺事件 - Wikipedia
,(株)電通の採用データ | マイナビ2021
,電通グループ特集 - マイナビ2020
,株式会社 電通の新卒採用・企業情報｜リクナビ2021
,株式会社 電通の採用情報(初任給/従業員/福利厚生)｜リクナビ ...
,電通グループ（旧: 電通）の評判/社風/社員の口コミ(全2456件 ...
,電通新社長に五十嵐氏 アンドレー氏も代表取締役 11月の ...
,「え、これも電通なの！？」電通が何をやってる会社なのか ...
,電通の禊は済んだ？ブラック体質は変わらないのか ...
,電通の話題・最新情報｜BIGLOBEニュース
,【内田樹氏に聞く（上）】 五輪中止で電通倒産との内部情報 ...
,電通のニュース
,【電通と広告業界の裏話】電通は要らない？広告業界歴25年の ...
,電通はどんな会社 -電通は反日とかかれていますが、そのほか ...
,「電通グループ」のニュース一覧: 日本経済新聞
,電通ってどんな会社？事業紹介や強豪との違いなど徹底解説 ...
,社員インタビュー｜採用情報｜電通東日本
,(株)電通グループ【4324】：株式/株価 - Yahoo!ファイナンス
,電通はどんな会社？募集概要と採用の難易度・選考基準 ...
,電通グループの口コミ/評判一覧（全2313件）【就活会議】
,#電通の闇 hashtag on Twitter
,電通の深層 | 大下英治 |本 | 通販 | Amazon
,持続化給付金から撤退の電通 政府との蜜月関係の背景は ...
,キャリア採用情報 株式会社電通
,電通 - DENTSU RECRUIT 2021
,社員紹介 一覧 | PEOPLE | DENTSU RECRUIT 2021
,社長メッセージ - 会社情報｜PR会社｜電通PR
,セカンドロゴDLページ｜PR会社｜電通PR
,電通グループ｜企業情報｜各地域に根ざした総合広告代理店 ...
,株式会社電通 公式企業サイト
,過去の企業広告 - 企業情報 - 電通
,日本の広告費 - ナレッジ＆データ - 電通
,ニュース - 電通
,イメージギャラリー - 電通
,2020年ニュースリリース一覧 - 電通
,2019年 日本の広告費 - ニュースリリース一覧 - ニュース - 電通
,2020 年度のグループ経営体制と役員体制に関する ... - 電通
,代表取締役および社長執行役員の異動に関するお知らせ - 電通
,当社社員への厳正な処分について - ニュースリリース ... - 電通
,採用情報 - 電通
,企業情報 - 電通
,役員一覧 - 電通
,歴史 - 電通
,会社概要 - 電通
,国内グループ会社 - 電通
,社員紹介 | 中途採用 | 採用情報 | 電通デジタル
,プレスリリース | 電通デジタル
,電通デジタルと電通、テキスト解析プラットフォーム ...
,株式会社電通の評判・年収・口コミ | Find Job!
,「嵐」桜井翔さんの父親が副社長 「電通グループ」人事発表 ...
,株式会社電通グループ
,会社概要 – 株式会社電通グループ
,役員一覧 – 株式会社電通グループ
,ニュースリリース一覧 – 株式会社電通グループ
,クリエーティブ – 株式会社電通グループ
,【完全解説】日本を牛耳る？「電通」の闇について ...
,電通グループの企業理念 | 企業情報 | 電通国際情報サービス ...
,電通社員と結婚したい！現役社員が暴く広告代理店マンの特徴 ...
,何かと話題の電通って、どんな会社？ | nippon.com
,電通は本当にブラック企業なのか？実際のところを調べてみた
,電通 「社員クチコミ」 就職・転職の採用企業リサーチ ...