ham,俺が経験者に…してやろか…？
spam,日和くんと茨の組み合わせのファンサ、頻度がそう高くないので1回の威力が凄そう
spam,明るいアイコンしか使えない。Twitterは俺が脅して開けさせた
spam,どういうことなん?
spam,エゴサレベルバグってんだろ
spam,ハメ撮りの提供を断りました(今月4回目) ハメ撮りでエロいの見た事ないので
spam,「成功者は18〜19、遅くても22までには頭角を現している。20過ぎてもやりたいことがないとかほざいてる奴は墓場でも同じこと言ってるんですよ」
spam,たまにエゴサするんだけど九割九分九厘自分のツイートしか出てこない。
ham,自分の声好きじゃないから声好きって言ってもらえるのうれＣ
spam,ナミ、エッチなニキビ着ないで
spam,面白い人間は好きだけど、「おつかれさま」と言って「疲れてないけどね」と返す奴は嫌いです。主に僕が言います。
spam,最近はありがたい事に色んな人と話す機会が増えてきました 正直な話高校の時は友達は1人2人で人と話す事が本当に苦手でした。 ですが出来る事が増えていき、自分に自信が付き、少しずつ人と話せるように！ 今では人とお話しする事が僕のいちはの学びになっています！ 良かったら僕とお話して下さい
spam,授業終了10分前で遅刻扱いにしてもらえる世界線、好きですよ。
spam,歩いて行ける距離に二郎ある人羨ましすぎる
ham,自分で面白いなと思ったツイートリプ欄に貼ってって
ham,この垢使わなくなるかもなのでこっちフォローください
ham,アイくるの映画DVDコロナ落ち着いたらかえるかな
ham,たぶん4、5歳だった気がするな 今でも歌えたもんｗ ぐ～チョコランタンで育ったみたいなもんよ
spam,このリンクをタップして、段ボール大作戦とブロスタでフレンドになりましょう！
ham,夏が近づいて来ました。 嫁迫から素麺のリクエストが増えてきたので、アレンジを考えねば。 これはほんまに美味しいやつです。 ていうか、前世イタリア人のはずやねんけどなー
spam,初めて会った時、お互い二十代でお互いが「コイツ、生意気だな！腹立つな！」と思ってました。 三十代、お互い「赤いきつねと緑のたぬき」のCM出演しました。 四十代、まぁとにかく一緒に呑みました。 五十代、この男のYouTubeに出演しました。 くされ縁⁈ 感謝してますよ。
spam,毎週時事ネタを徹底解説、全ての質問に月880円で答えるお得な私の有料メールマガジンはこちらから登録->
ham,こちらは週一で質問答える動画配信もついてます->
ham,インターステラテクノロジズでは技術者大募集。特に回転機械系エンジニア募集中です。
spam,自社所有の航空機から射場を空撮しております！
spam,ベビタッピン！ 久しぶりのタピオカドリンク。自家製タピオカで美味しいんだな〜これが♪
spam,うーん、なやんでるたーるじんだしん
spam,あーん、お風呂で寝ちゃってたしん！寝ちゃってるたーるじん！！
spam,クロちゃんなんかよりもっと悩んでる人いてるから
ham,糖分を消費するからってガリガリ君食うなよ？
ham,悩みなんてあるの？
spam,あーん自家製タピ汚カ‼️ https://t.co/HWWxQNaXck
ham,@kurochan96wawa そんなことより、早よ右目アロンアルファでくっつけろや！
spam,@kurochan96wawa ふじ○んに怒られろ‼️🐷
spam,@kurochan96wawa 糖尿病患者が嬉しそうに飲むなや( ;´･ω･`)
ham,@kurochan96wawa おいしそう
ham,@kurochan96wawa もったいない
ham,@kurochan96wawa クロちゃんかわいい😆😆タピオカは好きじゃないけど😰
ham,@kurochan96wawa 糖尿大丈夫？
ham,@kurochan96wawa https://t.co/lXPQfh9wYe
ham,@kurochan96wawa タピオカ飲んでもっと太れ！
ham,@kurochan96wawa タピオカドリンク飲んだら運動たくさんしてくださいねd('∀'*)
spam,@kurochan96wawa 語尾のしんつけんのかい！しん
spam,@kurochan96wawa 今クロちゃんの血液に20個以上の角砂糖分の糖分が入りましたーー！
spam,@kurochan96wawa タピオカ喉に詰まらせていいよ👍
ham,@kurochan96wawa そんな量飲めるん？どうみても３リットルはあるぞ
ham,@kurochan96wawa いちいちウインクしないと、撮影できねーのかお前は💢💥💢💥💢💥💢💥💢お前の神経どうなってるの💢💥💢💥💢(´ヘ｀;)お前の神経の事を言ってるんだぞ💢💥💢💥💢💥💢
ham,@kurochan96wawa https://t.co/1BWn9tyMfL
ham,@kurochan96wawa よっ！糖尿病ハゲ
ham,@kurochan96wawa (´-ω-`) https://t.co/x0wacSWqqK
ham,@kurochan96wawa 糖尿病の黒川さんですよね？
spam,@kurochan96wawa なんかストロー長くない？
spam,@kurochan96wawa 渡部からすると、クロちゃんがまともに見えるのは気のせいか？？
ham,@kurochan96wawa なんなのぉー(; ;)
spam,@kurochan96wawa クロちゃんは、ペットボトルで飲んでください。
spam,@kurochan96wawa 糖分大好き黒川さん。
ham,@kurochan96wawa おいっ 黒川 シャレタ物を 飲んでるな～でも お前には 似合わないぞ https://t.co/K4CIknuf1l
ham,@kurochan96wawa それn
ham,@kurochan96wawa 糖尿病悪化進行中。
spam,@kurochan96wawa 時代に取り残されたサイコパス
ham,@kurochan96wawa https://t.co/Wmn3QfImQf
ham,@kurochan96wawa 甘い甘いおじゅーちゅ飲んでたまだまだ太るしんよー♪
spam,@kurochan96wawa そのまま糖尿を悪化させて地獄へ行ってらっしゃい。 https://t.co/tLibbnpeCP
ham,@kurochan96wawa クロちゃんほど、タピオカが似合わないオジサン初めてだわ‼️(笑)
ham,@kurochan96wawa おでん一ヶ月やれ
ham,@kurochan96wawa 甘い物一杯摂取しましょう！
ham,誰が何言おうと沢山食べ飲みましょう！
ham,カロリーも沢山取りましょう！
ham,人生一度きりだから！
spam,@kurochan96wawa もうタピオカ流行ってないぞ。
ham,@kurochan96wawa 知らん
spam,@kurochan96wawa 気持ち悪いしん
spam,@kurochan96wawa ただ太るだけしん
ham,@kurochan96wawa どうしてもお前のイケメン顔に目がいってしまう❗もうちょっとブサイクになれよ❗タピオカ頭❗
spam,@kurochan96wawa もっと肥えろ豚 https://t.co/uygppK9ekr
ham,@kurochan96wawa 素敵💓
ham,@kurochan96wawa 私も飲んだけど…真似したな？w
ham,@kurochan96wawa カエルの卵みたいできしょいからタピオカは好かんｗｗｗ
ham,@kurochan96wawa ってゆーてますけど
ham,@kurochan96wawa 高カロリー飲んで脂肪蓄積か ((ﾉ∀｀)･ﾟ･｡ ｱﾋｬﾋｬﾋｬﾋｬ
spam,@kurochan96wawa ベビタッピンがなんだから知りませんが、今日の炭水化物の間食はタピオカですね🐖 まだ流行りの炭水化物、糖分もたっぷりで美味しいですか？
spam,@kurochan96wawa 黒川さんはクソつまらないんだな～これが♪
ham,@kurochan96wawa まず外出るときはマスクしようなyo！say！になるぞ！
ham,@kurochan96wawa コップが歪んでおる
spam,@kurochan96wawa タピオカ＋汚じさん久しぶりに見た
ham,@kurochan96wawa ダイエットするんじゃなかったっけ？
spam,@kurochan96wawa タピオカって高カロリーって知らないバカ。 https://t.co/nWhgPKFIH2
ham,@kurochan96wawa 自家製！？ 産んだのか…！！
spam,@kurochan96wawa これでも飲んどけ💢 https://t.co/2iUCqY3XYv
ham,@kurochan96wawa ザリガニ だから カエルの卵？
ham,@kurochan96wawa おいしそーです😊💕
ham,@kurochan96wawa タピオカの擬人化
ham,@kurochan96wawa オヤジ、オヤジ❗️楽しいか？ デンプン中年❗️
spam,まじでこの動画みて親に死ねなんて言わないって決めた
spam,怒ったとき死ねって言う茨かわいい
spam,親死ねマジで死ね
spam,なんで私が処女やねん！ セックス経験者死ね！死ね！
spam,その点、ごちゃごちゃと現代社会っぽい文句垂らす前に「解釈違いだ死ね」でさっくり暗殺者送ってくる一部イスラムは潔いよな。これぞ信仰
spam,今、アイツなんて死刑だとか死ねばいいとか思っている人がいるかも知れ無い。でもね、その思考は『悪』なんだよ。 冷静になって判断し行動する 『心穏やかに』とはそういうこと
spam,「ちゃんと底辺飯食べててエラい」っていうのはバカ右指差し お前らほんと死ね握りこぶし まじで握りこぶし死ね、バカ。 そういう奴らが大嫌いなんだよ。 底辺飯はおいしいから食べんの
spam,・「野菜ちゃんととっててえらい」って言われるのが腹立つ→わかる ・野菜がおいしいと思って食べてるのに健康のために野菜を食べてるみたいな言われ方をするのがむかつく→わかる ・激昂して死ね死ねと罵倒→とりあえず政治にだけは関わらないでほしい
spam,こういう女死ねばいいと思う 挨拶もできない奴が何言ってんだよ
spam,もう、うさぎを棄てるのは止めようよがっかりしたが安心した顔 小さな我が子を棄てたら生きて生けるのかよ… 飼いうさぎも同じで死ねと棄てるのと同じなんだよ!!マーク どうしても一緒に住めなくなったら里親を探す努力をやれよふくれ顔
spam,そんなつぶらな瞳しても可愛くねえよアホ死ね
spam,ダースドラゴンの炎で死ね
spam,消費減税を する →あれだけ反対されたのに強行した責任はどうした！アベ死ね！ しない →市民(国民とは言ってない)たちが苦しんでるのに何やってんだ！アベ死ね！ 一時的な措置として減税 →恒久的な税制を考えろ！アベ死ね！ 戻すとき →市民たちが苦しんでるのに増税か！大義がない！アベ死ね！
spam,射撃機の癖に前格拘束ヘッドバット死ね
spam,敗北ポーズ可愛すぎんだよ死ね
spam,サブハート型に展開すんな死ね
spam,てけーアナルバイブが抜けなくなって死ね
spam,ブロスター眼鏡ロトムのボルチェンで死ね
spam,《自動呟き》浮きながら寝るな死ね
spam,ヤニカス死ね
spam,☆少ないのに語るなしね
spam,課金していいカード出なくて死ね
spam,メイン撃つな死ね
spam,天安門くそ中国死ね死ね事件の日とかなんかおもろいな。
spam,そんなつぶらな瞳しても可愛くねえよアホ死ね
spam,「死ね」
spam,うわーーん号泣号泣号泣 キリギリスきもいよーーーー 死ね カウルの中入った死ね
spam,死ねボケ
spam,怖すぎる こういうキモいおっさんはみんな死ねば良いと思う
spam,EA死ね
spam,かわいい絵文字使うのやめろ。死ね。
spam,これキモすぎだろwwwwwwww
spam,よう実見たのでピクシブ百科で主人公の欄覗いたんだけど、一文からキモすぎて笑っちゃった挙手口を開けて冷や汗をかいた笑顔
spam,先週の速見瀬奈登場シーンでのコメント、これぞ子供向け番組のヒロインをクソキモい目で見てるお前らって感じで最高にキモくて好き
spam,えたぼうくんに対する僕の返信キモくない？大丈夫？口を手で覆った顔
spam,中学の時保体の授業でセックスの範囲になった時、男の先生が教壇で「お酒を飲んだ時とか、2人きりになったとかに「やらせてくれ」なんて言ってくる人がいるかも知れませんが女子のみなさんは自分を安売りしないでください！」って言われたんだけど今思うとマジでキモいな 男子にも言えよ
spam,は？キモ死ねよ((
spam,Twitterで女の子がエッチな言葉を発しているとつい僕も興奮しちゃう…♡ まあ誰とは言わんけどFFのあるナオンだけは一線越えてキモいから全く興奮しない
spam,これは流石に晒しますね キモすぎます笑 まあ何言われようがどうでもいいですけど
spam,晒して炎上する偽善よく見るけどさ、フォロワーが一人でここまで燃える事あるの？wwwまぁ相変わらずコメ欄も「ぜー金呼ぼうか？」とかキモい偽善わいてて安定だったw
spam,キモいキモいキモい ね ばいい あたし文句あるなら 直でいいな ブス野郎ども！
spam,じゃあなんでAV見たりするの？なんできりたんぽやあのちゃんとか可愛いと思ってん？みんなキモいんじゃないの？？？そもそもそんな人がTik Tok見る為に入れんよね？キモいって言いながら可愛い女の子の画像とか動画見てフォローしてんのがいっっちばんキモい
spam,このタグ一生使うことないと思ってたけどバトアリでこれ流石にキモすぎるので失礼します死んだ方がいい(^ ^)
spam,制服が懐かしい.... てか学生の時からよくみんなで言ってたけど、なんで全国の制服がこんなして売ってあるんだろ？？ よくみんなで、キモいおやじが買ってるんかな？って話してたなー笑
spam,キモい
spam,最近気持ち悪いツイート多いのでアカウント分けました(☝ ՞ਊ ՞)☝ 発言の9割がキモキモのキモなのでご注意を。
spam,これキモすぎだろwwwwwwww
spam,この人の声とかなんも知らんけどキモくね 歌い手ってこんなもんか
spam,キモいキモいキモい
spam,このヘルメス、何か昔の石田純一みたいでキモいんだけど、キモいんだけど、何故か憎めない。
spam,キモすぎて草
spam,キモ死ねカス消えろ( ´ • ω • ` )
spam,こいつマジでキモいんだが しかも反対意見の人片っ端からさらして説教してんのヤバいだろwww
spam,キモ過ぎてブロック通知うるさすぎ いちいち反応してくんなゴミが 何正論かまされてムカついて裏垢作ってそこで吐くってきも もう無理どんだけ無理かは画像の通り キットさんには申し訳ないけど頓知気ファミリー以外のメンバーは全員かもです。 本日を持ちまして抜けます
spam,スプロケの話してんのにデュラのstiの画像リプしてんのキモすぎて
spam,荒野の出会い厨は若者だけではない。 40歳の人でもゴリゴリ出会い厨 この人はほんまにキモかった １回も荒野したことないし声も聞いたことないのに好きだとか、自慢話だとかうざいしかなかった。 青ロケコメがギャルだらけの人はだいたい同じタイプWWW
spam,財布の中の金キモすぎ
spam,さすがにキモすぎて草
spam,男キモいしね。まじで死ね。キモいキモいキモい。
spam,なんやこれキモすぎやろ
spam,え、なぁ誰か助けて推し様とのLINEをニヤニヤしながら見返したてたらいきなり返信きて秒で既読つけてしまったんやけどどうしよう しかもさっきはっやとか送られてきたし最悪 てゆか同クラの男子推しとか言ってるあいみキモない？まじで
spam,76十字とかキモすぎンゴねぇ
spam,ツイッターで下品なことばかり書き「変態ツイートばかりでごめんねｗｗｗ」と言いながら、変態が寄ってくると「変なやつがつきまとってキモいからブロックしました^^」と報告するブス
spam,なよなよしてる男もイキってる男もキモすぎる
spam,今回に限らずガチでちんぷろキモい。それと面白がってる囲いのガキもキモすぎ
spam,彼女に下ネタ連発する男クソキモい
spam,キモすぎて吐き気したわ
spam,もうキモすぎるからブロックいいすか？
spam,でたーww自意識過剰ww誰も見てねーからwwだってクソブスじゃんww
spam,おでこが光り輝くのブスの特権だな…
spam,ブスwww
spam,きちわもるい はしよね ブス
spam,やめとけ顔ブスすぎ
spam,オンライン授業で萌声みたいな気持ち悪い声作ってるクソブス轢き殺したい
spam,芸能人とかはまあしゃあない 自分でブサイクな自撮りあげてブス言われたらフォロワー総出で晒しあげるブスは誹謗中傷されて当たり前
spam,女子鉄なんてブスばっかだろ 勘違い系のねくらブス
spam,高畑充希まじのがちで普通にブスの類じゃねw
spam,さりげないブス
spam,たぶんすっぴんブス
spam,ブスがよ
spam,ベッキー_よく見りゃブス
spam,着飾るんじゃねぇよブス
spam,なんでもかんでも真似してくんなよデブスが
spam,いやDV男は好かれんだろ 夢見すぎだブス
spam,いいですよじゃねえんだよ。ブスだからお断りしますだろ。笑わせんじゃねえよ。
spam,だからブスはブスのまんまなんだってば！ うるせぇkidsだなぁ！
spam,鼻口がブス天使の笑顔
spam,ブスのくせに「もう無理」とかつぶやかないでくんね？お前が無理だわｗｗｗ
spam,ジョニー(たいき、)はブス
spam,努力しててもブスはブスです( '-' )
spam,ブスすぎた笑
spam,ブス同士お幸せにーwww どうせ別れると思うけどwwwwwwwwwwwwwww
spam,まじで全然ブスばっかりでウケる
spam,ブスだな〜〜wwwww
spam,ネット向いてないやめろブス
spam,クソブスすぎてワロタwwww
spam,ブスやん
spam,被害者面するブス
spam,dgs_akane ブスは私のTLにのらないでくんない？
spam,半目で仕事してるわ クソブスがさらにゴミブスに
spam,あーもうマジ回ってんなーこのブス
spam,何笑ってんの？WWWWWWWWしねぶすWWWWWWWW
spam,ロリコンしね
spam,デブ笑笑
spam,おデブですねえ
spam,ブレーキパッドがタイヤに干渉してパンクしていた 異変に気づかず2回同じ理由でパンクさせてしまった。 バカアホ間抜けうんこ
spam,自信→自身 誤字っとる時点でアホ
spam,みんな心にデスノートを持ってるけど、それをさらけ出すとか？ アホなんかな
spam,アホすぎる（笑）
spam,女子ウケ狙うカス
spam,クソリプすんなカス
spam,黙れカス
spam,クソ野郎死にやがれカス!!マーク!!マーク!!マーク!!マークおれは死ぬ!!マーク!!マーク!!マーク!!マーク今日は居酒屋です!!マーク!!マーク!!マーク!!マーク!!マーク!!マーク死ね〜〜〜〜〜!!マーク!!マーク!!マーク!!マーク!!マーク!!マーク
spam,Greeeen裏声なしで歌えない女はカス
spam,こういう都会カスほんま嫌い
spam,もうキレたわペプシ派になります俺の勝ち。なんで買わなくなったか明日までに考えとけカス。
spam,ってかスポーツ名乗ってるだけで運動名乗ってる訳じゃないんだから別にいいだろカス。
spam,保健室に行く奴はカス
spam,まじくそみてぇなクソ上から目線のメルカス野郎に購入されてストレス爆破 死ねやカス
spam,消えろカス
spam,しねチンカス
spam,ゴミカス
spam,ホンマこれゴミカス中のゴミカスやと思ふ。アホ中のアホやろ。
spam,もしかしなくても: ゴミカス死ねの人
spam,カス
spam,またきたの？お前だるすぎだろwwwwwww 死ねよマジでw いつまでかまちょしてくる訳？ やってる事しょーもなさすぎてくそきもいから訴えかける顔 さっさと消えろ〜 私の顔面晒して楽しそうでいいねうろたえた顔 晒されて怖いよ訴えかける顔もー顔面バレてもなんて言われようといいわ白いビックリマーク
spam,消えろ
spam,まじ男って誰でも良いんだよねwww
spam,なにか勘違いしてはるみたいですけど 貴方と同じような低俗なことはしません。 勝手に人のせいにしないでください。 気分悪い消えろ
spam,は？きもちわる。 そんなこと言ってたって彼氏にガンガン会いたい〜訴えかける顔とか言ってきてんの知ってんだよ。 消えろよ。
spam,8512回目 : 目障りなやつら。消えろ。
spam,ぶさいくども
spam,うるせえぶっとばすぞぶさいく
spam,ナンパしてくるやつ、まじ自分の顔みたことあんの?いくらB専でもがっついてるぶさいくは嫌い！ナンパ本当イライラする‥
spam,やべぇバカじゃん
spam,会ってるヤツらはまじのバカ
spam,ほんときもいんだけど タラシのクズ野郎よりも 気を使ってるバカの方が嫌い。 だってたらしのほうがまだ頭いいもん 彼女だぞ？？恋人だぞ？？？ 本音を言いあえてそれで恋人って言うんじゃねぇの？ なんで気なんか使われなきゃ行けねぇの？ きもいきもいきもい。おぇ… きっしょい。
spam,草生える 草通り越して森 気持ち悪い消えて欲しい ほんと死ねばいいのに
spam,岡村慶太の野郎死ねやボケが！ 金返せクズ、消え失せろよゴミ
spam,高須克弥は、近よぅて来るな😡 小池百合子も近寄ってくるな👿 死ねば良いのにね。』
spam,お前だよ死ね
spam,キモ死ねゴミ
spam,プリウス死ね
spam,イケメンは死ね
spam,死ね障害者
spam,クソヤロー共！！ 全員死ね！！！！
spam,詐欺師。死ね。
spam,足臭すぎ死ね
spam,男死ね
spam,女死ね
spam,うざい。死ね。
spam,うざい客全員来んなまじで
spam,かなりうざい 今までで1番うざい 何がしたいのか分からない
spam,公式から送んなハゲ
spam,うるっせーんだよこの野郎ーーーッ
spam,カス
spam,ガキが…
spam,学校始まって久しぶりに行ったらやっぱりブスしかいなかったわwww とか、 みんなマスクしてるから可愛く見えたけどマスク外したらやっぱり酷かったwww ってツイートしてるシージ民(男)多いけど、お前らも女子からそー思われてるんだぞ。って考えたらなんか悲しくなってきた 頑張れよ。シージ民共。
spam,きも。がちきもい
spam,ラブホでffと出会い厨とかラブホで祭壇撮るとかがちで気色悪いから切る 正直きもい、きしょい、きもい ガチで気持ち悪いほんとに
spam,こうゆうの普通に無理 きもい 女の子ってこれが日常なの？ 自分の好きな人がこんなdmしてたら 普通にイライラしますよね(怒りマーク^ω^)
spam,アンパンマンきも
spam,くそきもいし怖いんだけど無理
spam,きもすぎwwwwwwwww
spam,ウチのメイドがウザすぎる
spam,いやまってJKウザすぎんか？バカくそ割り込むやんけ
spam,嫌いな社員がやたら声掛けてきたり触ってきたりするのまじでストレス過ぎて愚痴ってたら 「普通にお気に入りなんだと思う、、扱いが違う、、」て言われて 塩対応してんのに？て言ったら「それが良いのかも、、」て言われて益々気持ち悪いってなってる大爆笑 キモくてウザくてMとかしんどいわw
spam,ブスだし頭悪いしウザいし何なのこの庶民
spam,俺の近くにすっごい気持ち悪いヤツがいるんだよねwwwwwwwえ？誰ってそこにいるだろwwwだかwwwらwwそこにいるお前だよwww自分で気づけよwwくっはああああははっはははwwwwwもしかして自分でもきもすぎてわからなかったの？wwwwわろりーぬwwwwww
spam,スマブラ使い手悪口bot ゼルダ使いは毎回赤点ギリギリを取る。赤点とった奴にはめっちゃマウントを取っている。ウザい
spam,上司の絡みが本当にウザい
spam,なんなん？あいつ。 ストレスしかたまんない。 うちにとってマイナスにしかならない。なんで家にいんの？ウザ。
spam,快適生活ラジオショッピングまじでウザい
spam,クズすぎる…
spam,共同通信は朝日新聞とネタを共有してるクズ。
spam,このご時世にマスク付けない男はどうせコンドームも付けないようなクズ男なので別れた方がいいって僕のおばあちゃんが言ってました
spam,タバコの銘柄で人柄が分かるみたいなツイート見た事あるけどタバコ吸ってる人ら全員クズっすよ
spam,つかえねーなクズ つかえるなクズ つかわれたなクズ つかったなクズ
spam,クズどもは消えろ。
spam,完全にキチガイやろ うざ
spam,撮り鉄キチガイすぎだろ たかが電車の写真撮る為に田んぼダメにするとか
spam,こんなキチガイを選んだ名古屋市民は、トランプを選んだアメリカ国民に匹敵する。 もう一度騙されるか？
spam,橋本潮さ売れたのロマンティックあげるよだけやろ。 ずっと余韻に浸ってんのか知らんけどさ私は有名人なんだ偉いんだぞ見たいな態度じゃけ見とってクソキモイわ。 オマケに害持ちレベルでキチガイだしメンタル鋼だしあのおばはん強すぎだろwwwwww
spam,Twitter for iPad は全員キチガイ
spam,YouTubeに出現するキチガイ韓国人その1
spam,ああ キチガイが怒ってるよ こわーい笑 一般的な野球ファンを勉強してください！
spam,階段も使えねえゴミオタク共がよォ...とか思いながら2階で用事を済ますオタク
spam,ふざけんなよ。コロナ の予算減らせだ？国民の事本当に考えないゴミ政党だな
spam,反日マスゴミが一番当選させたくない日本人w
spam,ゴミクズすぎて逆に草生えるわこんなん
spam,うざいしね！出前もっと遅く頼めただろ！！！！！ほんとしねや
spam,うわキモしね陰キャ
spam,警察よ、お待らは神じゃない。しねばいい
spam,クソ田舎者しねカス
spam,だいちゅきとかゆー男いっちゃんきもい。しんぷるにだいすきでいいやん、しね
spam,イキリしねよ
spam,きも。しね
spam,しねくそじじい
spam,しねばいいのに…
spam,きっしょ笑 しね笑
spam,羨ましいです。 僕の毒母親なんかは、亡き親父をATMとしか考えて無く 独り息子の僕自身も介護係としてしか考えていませんでした。 親父が死んだ途端さっさと勝手に介護付き 老人ホームに入ってしまった身勝手な人です。
spam,この話何回目？お母さん死にまくって可愛そうやわ
ham,まぁTiktokにさえあげてなかったら、いい話だったんですけどね
ham,あのさぁ...
spam,こいつお涙頂戴系だと思うんですけど
ham,道徳で習ったこの話
ham,この類の話よく聞くけど本当に泣ける
spam,@kurochan96wawa #糖尿病 #自暴自棄 #自殺行為 #残された時間 #あと僅か #不要不急 #毎日ご褒美 #毎日ご褒美 #自撮り止めろ #43歳児 #この風体でナルシスト #無かった事にするのか #結婚まであと何日 #ダイエット… https://t.co/Cn17076XUb
spam,@kurochan96wawa 鹿の糞でも入れたらいいしん❗
spam,@kurochan96wawa 床にぶちまけて嫌な顔されてください
ham,@kurochan96wawa 定期 https://t.co/vLmC65z2UW
spam,@kurochan96wawa 渡部さんの次は僕がグルメ芸人として頑張るしんよ あーんなんなの〜、汚料理研究家ってひどいしん
ham,@kurochan96wawa お昼ごはんは？(´・ω・`)?
spam,@kurochan96wawa 膵臓の機能が停止するといいな！
spam,@kurochan96wawa めちゃ毎日外出してるwww
spam,@kurochan96wawa 腹だけはどんどん成長していくロリコンストーカー野郎クソデブ黒川💩🐷 https://t.co/1aPPX7w9QE
ham,@kurochan96wawa 家に自家製タピオカあるじゃん
spam,@kurochan96wawa 噛まずにゴックンして下さい。1日10杯くらい飲んで下さいね。
ham,@kurochan96wawa しん！って言えよ♪
ham,@kurochan96wawa タピオカの写真は良いけど 黒川の自撮りはいらない
ham,@kurochan96wawa 出したものを食うってエコですね
spam,@kurochan96wawa 100キロキープお疲れ様です。
ham,@kurochan96wawa 今更タピオカ？古くない
ham,@kurochan96wawa お待たせしました、タピオカです❗しっかり吸い込んで下さい👩 https://t.co/H4KJMPieQW
spam,@kurochan96wawa 悩んだ末は、それかい😅
ham,@kurochan96wawa 紅茶に正露丸入れて飲んどけ！って渡部が言ってました。
ham,@kurochan96wawa ただの澱粉なんだけどな。
spam,@kurochan96wawa クロちゃんは、結婚しない方がいいよ。結婚しなければ何股かけようと不倫じゃなくなり謹慎しなくていいから。
spam,@kurochan96wawa しんは？
spam,@kurochan96wawa タピオカがクロちゃんに拒絶反応が出てるように見えるの俺だけ？
spam,@kurochan96wawa デブの元もう太ってるけど！
ham,@kurochan96wawa こちら
spam,@kurochan96wawa カッコつけてるつもりかもしれないけど全然無理。
ham,@kurochan96wawa たくさん糖分取れよ！
spam,@kurochan96wawa タピオカは結構太るよ なかなか消化されないって聞いた。痩せる気ゼロだな
ham,@kurochan96wawa なるほど‼️タピオカの親分が言うからには間違い無いだしん🤗
spam,@kurochan96wawa 全く可愛くないんだな～これが♪ 老けたよね？
spam,@kurochan96wawa タピオカみたいな頭しやがって
ham,@kurochan96wawa はいはい
spam,@kurochan96wawa 黒川も顔を黒く塗ったらタピオカやね
spam,@kurochan96wawa カエル料理じゃなくてカエルの卵吸ってて草
spam,@kurochan96wawa ストロー長っ
ham,@kurochan96wawa 水ダウのミックスジュースは？
spam,@kurochan96wawa タピオカ=キャッサバ芋❗️イモ～ https://t.co/USmZezboUQ
ham,@kurochan96wawa べびたっぴ な
ham,@kurochan96wawa ﾂﾏﾝﾈ
spam,@kurochan96wawa コイツ…マスクもせずに堂々と外に出てるよ…
spam,@kurochan96wawa タピオカみたいな頭しやがって
ham,@kurochan96wawa 「弟よ、元気か？」 https://t.co/XYDiF2sO7a
spam,@kurochan96wawa でかいタピオカが喋ってる
ham,@kurochan96wawa そりゃ美味いだろうよ 角砂糖がたんまりと入ってるからな
spam,@kurochan96wawa タピオカの形をした松竹の芸人がタピオカドリンクを飲んでいる件について
spam,@kurochan96wawa 君の頭がタピオカやけど、、
spam,@kurochan96wawa 世界一タピオカが似合わない男 黒川明人😊
spam,@kurochan96wawa タピオカどっち？？？
ham,@kurochan96wawa いいものを見せてあげよう https://t.co/Gr1TBoHCNZ
spam,@kurochan96wawa タピオカみたいなフォルムだな
spam,@kurochan96wawa お前の顔なければめっちゃうまそう。
ham,@kurochan96wawa 💩入ってる
spam,@kurochan96wawa ウロチョロすんな さっさも帰れや
spam,@kurochan96wawa キショしん｀ｨ(´∀｀∩
ham,@kurochan96wawa 豚骨スープ
ham,@kurochan96wawa タピオカ美味しそうです！(*´ω｀*)
ham,@kurochan96wawa 🐙本日のアンニュイ🤔クロちゃん🤭
ham,@kurochan96wawa 気色悪い自撮り載せんな
spam,@kurochan96wawa 動物みたいに欲望のまま好き勝手に生きてるのに何を悩む事があるのだ？
spam,@kurochan96wawa 悩んでるしんよ、汚でんの次の汚料理を何にするか？
ham,@kurochan96wawa あれ？クロマニヨンじゃなかったの？
spam,@kurochan96wawa まさか、歌詞作りの悩みとか言わないよね？
spam,@kurochan96wawa 背毛ボーボー廃人は黙っとけ！
ham,@kurochan96wawa いちいちウインクしないと、撮影できねーのかお前は💢💥💢💥💢💥💢💥💢お前の神経どうなってるの💢💥💢💥💢(´ヘ｀;)
ham,@kurochan96wawa なんなのぉー(; ;)
ham,@kurochan96wawa 出た！芸NO人の真骨頂!!
ham,@kurochan96wawa その顔で悩んでも解決したとしてもいい結果にはならないだろうな
spam,@kurochan96wawa 気持ち悪いしん
ham,@kurochan96wawa 昼ご飯食べに店に入ったけど何を頼むか悩んでるの？
ham,@kurochan96wawa クロちゃんクラスの天才でも悩むことってあるんだなぁ🤔
ham,@kurochan96wawa やっつけなんだから悩む必要ないでしょう
spam,@kurochan96wawa お店でかわいい女の子物色して目で犯すのやめなよクロちゃん😂
ham,@kurochan96wawa 結婚するまで何日はもうやめたんですか？
ham,@kurochan96wawa どうせメシか女だろ？
ham,@kurochan96wawa あんまり悩まないでくださいね
ham,@kurochan96wawa おやつを何食べるか考えてるんだね‼️🎵😉
ham,@kurochan96wawa どこのキャバクラに行くか程度で悩んでる感じ出すの止めてくれる？
ham,@kurochan96wawa 何を食べようかでなやんでるしんね？
ham,@kurochan96wawa イケメン過ぎzoy
ham,@kurochan96wawa 知るかあほ🤣
ham,@kurochan96wawa どうせ飯のことに決まってる
ham,@kurochan96wawa 何を⁉️
ham,@kurochan96wawa 渡部さんに何か言って欲しいしん！ https://t.co/4r8Edx0qpT
spam,@kurochan96wawa いや、コレはなんも考えてねぇーな。
spam,百歩譲って、気持ち悪い目と口の事しか考えてない。
spam,@kurochan96wawa ねぇねぇ！面白く無いよ｡
spam,@kurochan96wawa 煩悩の塊が何を言う💢
ham,@kurochan96wawa ヘルシーに生きてるのに痩せないから悩んでるんだね
ham,@kurochan96wawa この自撮り撮ってる所、外部から見たらアホ丸出しやろなぁ
ham,@kurochan96wawa 渡部は令和の火野正平、黒川は令和のモンスター
spam,@kurochan96wawa ツマンナイ。
spam,@kurochan96wawa 悩みの種は
spam,@kurochan96wawa とても悩んでるアホ面には見えないな
spam,@kurochan96wawa 悩んでるフリしても痩せんぞ。
ham,@kurochan96wawa ってゆーてますけど
ham,@kurochan96wawa もうええって(。･´д`･。) あんたはクロマニヨン人や！
spam,@kurochan96wawa どうせ大した事では悩んでない。晩御飯何しようくらいでしょ。
ham,@kurochan96wawa なんや。 https://t.co/YQFMb0oomB
spam,@kurochan96wawa 米隠しと加工の事で悩んでるの？ もうバレてるからええやん
spam,@kurochan96wawa みんなに結婚する言ってできないから？
spam,@kurochan96wawa グーパンチ確定 https://t.co/FWgY3QndY5
ham,@kurochan96wawa 一応言っておきますがこの人は43歳です
spam,@kurochan96wawa 悩みなんてないさ！
spam,@kurochan96wawa #丸田先生 #コロナ自粛解除デブエットメシ
ham,@kurochan96wawa 良かった❗
ham,@kurochan96wawa お前が悩むんは食い物ぐらいやろ
ham,@kurochan96wawa ってゆーてますけど
spam,@kurochan96wawa また飲み食いしてやがんな❗️ オヤジギャグが古いんだよ❗️
spam,@kurochan96wawa 渡部建さんを事務所の枠を超えて救いなさいよ！
spam,@kurochan96wawa それセクハラだわ
ham,@kurochan96wawa クロちゃん、悩んでるのですか❓0120ー783ー640 (ナヤミ ムヨオ)ですよ❗【リーブ21公式】 CM 「生え続ける発毛、目指しませんか？」… https://t.co/SrAFlCL3YI
spam,@kurochan96wawa 悩みがないのが悩みか？(笑) https://t.co/co05XNpKg4
ham,@kurochan96wawa 冗談はその顔と腹だけにしておけ
spam,@kurochan96wawa 何喰うか悩んでるだけやな もう喰いたいの全部にしたら？？
spam,@kurochan96wawa 悩んでも食欲旺盛❗
spam,@kurochan96wawa クロちゃん不倫するなよ❗️あ結婚まだでしたねm(__)m(*^ーﾟ)b ｸﾞｯｼﾞｮﾌﾞ!!
spam,@kurochan96wawa クロちゃんはネアンデルタール人の末裔… https://t.co/HUQQXL1988
spam,@kurochan96wawa アナタはただのジャワ原人
spam,@kurochan96wawa どうせ、マックかモスかで悩んでるだけだろ。
spam,@kurochan96wawa 「今夜はどの家に下着泥棒入ろうかな？」じゃねーよ！クソダルマ！！
ham,@kurochan96wawa リアルに悩むとこんな感じ https://t.co/KwORy98R5A
spam,@kurochan96wawa なんでお前いつもウィンクしてんだよキモイな
spam,@kurochan96wawa へ～？ 悩む脳ミソ有ったの？ 意外だね。 https://t.co/6EYufS31Wx
ham,@kurochan96wawa 渡部さんのこと？
spam,@kurochan96wawa クロちゃんも週刊誌に訴えられないか心配なんですね😊
ham,@kurochan96wawa ( ・－・)何それ？
ham,#お気に入り
ham,#面白いと思ってる
ham,#自画自賛
ham,#43歳児
ham,#嘘つきグロおっさん
ham,#無かった事にするのか
ham,#結婚まであと何日
ham,#ダイエット
ham,#腹を割る https://t.co/EAav47OLlH
ham,@kurochan96wawa 悩んだときは、 https://t.co/mnuEmhL9BD
ham,@kurochan96wawa ただ言いたいだけだよね👀
spam,@kurochan96wawa どんだけネアンデルタール人気に入ってんのよ
ham,@kurochan96wawa 顔か https://t.co/vDCjR2g0gW
spam,@kurochan96wawa えーと先ずは、頭が良くないのにムリはダメだっちゃ🤗
spam,@kurochan96wawa クロちゃん尊敬してる芸人一位だ神（しん）
spam,もっとキモい神になって
spam,@kurochan96wawa なんか忙しくてあんま見れないや。勝手にやってくれ。
spam,@kurochan96wawa この人も悩んでます。 https://t.co/BLEscZVAfl
spam,@kurochan96wawa はぁ？！お笑い能力ゼロなんです？！ https://t.co/rywFKg21R2
spam,タールに浸かっとけよハゲ。 https://t.co/bWP4DSQs2s
ham,@kurochan96wawa そこはお店ですか？
spam,店員さんにビンタされたらいいのに。
spam,@kurochan96wawa 知らんがな！
spam,@kurochan96wawa つまらん
spam,@kurochan96wawa くろちゃんくらい私生活バレすぎてると、文春も手出しにくいやろうなwww
ham,@kurochan96wawa その調子
ham,@kurochan96wawa ネアンデルタール人は心が優しかったそうです
spam,@kurochan96wawa 悩みなさそうだけどな！
ham,@kurochan96wawa お前は純日本人！
ham,@kurochan96wawa パチンコ屋に行くか行かないか考え中ですね。 https://t.co/medhjAf0yB
ham,@kurochan96wawa たぶん、面白いこといってるんだよね？よくわからんが
spam,@kurochan96wawa なかなかおもしロシアンルーレットだしんね！
spam,@kurochan96wawa クロちゃんでも悩むことあるの？
spam,てっきり悩みなんてなくて毎日好き勝手にストレス皆無で生きてるのかと思ってた(´･ω･`)
ham,@kurochan96wawa 迷わず全部注文しちゃいなよd('∀'*)食べ切れるでしょ⭐
ham,@kurochan96wawa #96日後に結婚するクロ
ham,#結婚するのは6月25日
ham,#できるの?
ham,@kurochan96wawa メガネと帽子似合ってますね
spam,@kurochan96wawa 何で悩む？自由に生きてるしん
spam,@kurochan96wawa 糖分を消費するからってガリガリ君食うなよ？
spam,@kurochan96wawa それ気にいってるみたいやけどやめろ！
ham,@kurochan96wawa 佐々木希に手は出すなよ。
ham,@kurochan96wawa 渡部さんに何か一言‼️ https://t.co/5jSJp3b8lk
spam,@kurochan96wawa クロちゃんホモ・サピエンスではなくネアンデルタール人だったと告白。
spam,@kurochan96wawa 出てくる答えは迷惑行為
spam,今朝は笑ったのに昼の部くそつまらなすぎてこの後どう過ごせばいいか分かりません。
ham,次期待。
ham,@kurochan96wawa それからの〜❗️
spam,@kurochan96wawa 悩みすぎて髭抜ければいいだしん
ham,@kurochan96wawa ブランチMCの事ですよね
ham,@kurochan96wawa 普通に面白い
ham,@kurochan96wawa だから何だしん！ https://t.co/EXSu7aYZ6E
spam,@kurochan96wawa クロちゃんなんかよりもっと悩んでる人いてるから https://t.co/7xyI6ntpmc
ham,@kurochan96wawa ねあんでるたーるじん。
ham,@kurochan96wawa カツ丼セットそば大盛か特盛でなやんでるタール人
ham,@kurochan96wawa さすが、言うてますけど
spam,@kurochan96wawa 悩みすぎて退化すればいいのにね
spam,@kurochan96wawa 嘘つくな、女の子のおしり見てんだろ
ham,@kurochan96wawa 伊達メガネだしん
spam,@kurochan96wawa キモいねんて‼️
ham,大好きやで〜💘
spam,@kurochan96wawa 悩んでる？セクハラの事？
ham,@kurochan96wawa あんた人外でしょ
ham,@kurochan96wawa ちょうど学校でネアンデルタール人を学んだところなので復習になりましたありがとうございます
spam,@kurochan96wawa おでんの具になるか悩んでるんですか？
ham,@kurochan96wawa どうしましたか？😳💖
ham,@kurochan96wawa どしたしん！！すきだしん！！
spam,@kurochan96wawa つまらん。
spam,@kurochan96wawa 臭草
ham,@kurochan96wawa 宣伝お疲れー。(´Д` )
ham,@kurochan96wawa あなたはもう部外者ですから引っ込んでてください。
ham,@kurochan96wawa うわ～そのTシャツ買ったわ～
ham,@kurochan96wawa 用無し貴様がの、ようペラペラペラペラ話しやがって😏 https://t.co/farISJX6Lz
ham,@kurochan96wawa また鍋敷きになるんだろうなそのノート。
ham,@kurochan96wawa お前より、岡野昭仁に代えろ！
ham,@kurochan96wawa CDめっちゃ湾曲してるの面白い。
ham,@kurochan96wawa @NAO_MAMESHiBA ありがとうクロちゃん
ham,@kurochan96wawa エロクソ坊主の動画🤣
ham,@kurochan96wawa そこのページにしか書いてないだろ！
ham,@kurochan96wawa あのさ、ヒゲ、きったないよね
ham,@kurochan96wawa おめでたいですね！私は昨日届きました😂いっぱい聞きます！
ham,豆柴Tシャツ着てるのもすごい良いですね！！笑
ham,これからも頑張ってください！
ham,クロちゃんさんの曲楽しみにしてます！あっ、クロちゃんの曲だ！
ham,@kurochan96wawa 誰もあなたにクロロとは言ってません。共通点は話せる事ぐらいです。
ham,@kurochan96wawa なんだかんだでクロちゃんすきっす
ham,@kurochan96wawa やっぱり作曲なんてウソだったんだな？！w
spam,@kurochan96wawa うるさい👂⚡
ham,@kurochan96wawa @NAO_MAMESHiBA クロロの話が出てくるとは
spam,@kurochan96wawa 顔面と頭皮のシミの修正を頑張り過ぎて、目が赤くて気持ち悪い黒川さん。
ham,@kurochan96wawa 違う人に祝って欲しかった筈。
spam,@kurochan96wawa 金持っているんだから、クロちゃんがCDを買い占めればいいじゃん⁉️ https://t.co/vi8BoG3TxF
spam,@kurochan96wawa たかがしれてんだろ？🤪
ham,@kurochan96wawa おめでとうございます。今後も、クロちゃんのアドバイザーとしてのご活躍を楽しみにします！！頑張ってください。
ham,@kurochan96wawa イランイラン
ham,@kurochan96wawa #守銭奴
ham,#他力本願
ham,#粘着
ham,#嘘つきグロおっさん
ham,#無かった事にするのか
ham,#結婚まであと何日
ham,#ダイエット
ham,#腹を割る https://t.co/OUR8pfVwEr
ham,@kurochan96wawa クロちゃんが喋るたびにCDがぷよぷよ動くね
ham,@kurochan96wawa CDが歪んでるぞ。
ham,補正とか無駄な抵抗はやめなさい。 https://t.co/rb6mxLvMEP
ham,@kurochan96wawa なんだ？この「宇宙人」
ham,@kurochan96wawa @MAMESHiBATAiGUN おっと、性格と空間が歪んでるぜ？
han,@kurochan96wawa おいっ 黒川 お前は 豆柴が 飼ってる 犬なんだよ～ https://t.co/dnLe1l0C2S
spam,@kurochan96wawa 小顔効果ピクピク
spam,@kurochan96wawa @MAMESHiBATAiGUN 橋下徹:このクロちゃんという男はね。ハッキリ言ってクズですよ！
spam,@kurochan96wawa 俺のスマホのバッテリーとギガ返せ。
spam,告知はまぁいいとして、余分な訳分からんの付けんな
spam,@kurochan96wawa ホントにクロちゃんは3日じゃあ慣れないよね。
spam,@kurochan96wawa @MAMESHiBATAiGUN ブックって、クロロじゃなくて、グリードアイランドじゃないっけ？
spam,@kurochan96wawa まだ懲りてないのか
spam,@kurochan96wawa おいグルメ芸人枠空いたぞ！ https://t.co/xsbWbd0Zwl
ham,@kurochan96wawa クロちゃん作った曲けっこう好きです
ham,@kurochan96wawa どつきまわすぞ！
spam,@kurochan96wawa 結局あの罰ゲームは何だったのか。 https://t.co/R2sUTgwdw5
ham,@kurochan96wawa おめでとうございます！！
ham,クロちゃんの作る歌めちゃめちゃ好きです
ham,@kurochan96wawa やはりアドバイザーじゃなくて https://t.co/7nHqlPVGFI
spam,@kurochan96wawa まともに漢字を書けるようになってからほざけ！ https://t.co/9h2CPcfdEx
ham,@kurochan96wawa お前、結婚のハッシュタグやめたな
ham,投げ出すなら最初からするなよ
ham,@kurochan96wawa 豆柴の大群(絡んで来るな。) https://t.co/wcSXXXhi4y
ham,@kurochan96wawa 買いたかったけど、最後のくだりがむかつくのでやっぱ買わないしん！
spam,@kurochan96wawa 無駄な56秒だしん❗👎
spam,@kurochan96wawa 周りにクロちゃんさんの音声が漏れて恥ずかしいので文字に起こして下さい。😌
spam,@kurochan96wawa ちゃんとクロロでボケるために前振り的なの用意してて草
ham,@kurochan96wawa 今アンジャッシュ渡部が
ham,話題になってるんだからだまれよ！ https://t.co/yKY8IQfU9E
ham,@kurochan96wawa おめでとうございます🎊
ham,@kurochan96wawa 印税おめでとうございます
ham,@kurochan96wawa 🐙衝撃的デビューのりスタートより大分変わっただしん🥺進化したねと認められるよう頑張るしかないだしん🤭
ham,@kurochan96wawa 卵よく喋るな
ham,@kurochan96wawa おまえには関係ないしんよー
ham,@kurochan96wawa 某同業者のスキャンダルでぜんぜん話題に上がらないしんね。
ham,クロちゃんももっと薪をくべないと炎上しないしんよ。 https://t.co/zxY7sk798d
ham,@kurochan96wawa @NAO_MAMESHiBA 大喜びか
ham,@kurochan96wawa そのTシャツ欲しい😆
spam,@kurochan96wawa ガリガリ君買ったらお金無くなったから無理です https://t.co/j6XIdpNnp0
ham,@kurochan96wawa アルバムはバラエティーに富んでて良かったわ
ham,@kurochan96wawa 探偵より🕵️‍♀️ https://t.co/Mgv8XAFQEP
ham,@kurochan96wawa 最後のオチが致命的につまらないので購入する気なくなりました😅
ham,@kurochan96wawa だからアドバイザーって
ham,宣伝するのが仕事なの？
spam,@kurochan96wawa 話し方に感情がこもってない
ham,多分自分の好感度を上げる為だけの
ham,動画だしんねぇ
ham,@kurochan96wawa ヴォエヴォエのヴォエ
spam,@kurochan96wawa なげーわクソデブ！
spam,@kurochan96wawa ナニがビターだよ
ham,@kurochan96wawa 顔を加工して動画あげないで下さい。
spam,@kurochan96wawa 無駄な56秒だな。
spam,これ位簡潔に纏めろよハゲ。 https://t.co/2Hy5M5B3pD
spam,@kurochan96wawa 印税がクロちゃんに入ると思うと
spam,購買意欲が😯💨⤵️ https://t.co/I11FfOCXF4
ham,@kurochan96wawa おめ👍️🐷
ham,@kurochan96wawa 最後、ワンワン豆柴ワンワンワンナンバーワで切られてて草
ham,@kurochan96wawa @NAO_MAMESHiBA 夏曲楽しみにしてます💃
spam,@kurochan96wawa 黒川明人さん、コロナと熱中症になりますようにとゆーてますけどだしん😰。
spam,@kurochan96wawa もちろんクロちゃんも1000万枚は購入しただしん🤗
ham,@kurochan96wawa 《猫派で甘いモノ好きな僕が
ham,豆柴でビターな曲を書きました》
ham,なんと1st.アルバム『ブレーキ』発売です！
spam,クロちゃん作詞の #ドンクサハッピー も収録されてます。口臭くないしん！胃が腐ってるだけ！… https://t.co/e2vUWcTy28
spam,@kurochan96wawa ベロが出てて、気持ち悪い
ham,@kurochan96wawa 加工で時空が歪んでる
ham,@kurochan96wawa フィルターかけてるからアルバムが変形してるしん！
ham,余計な事すんなクソダルマ！！
spam,@kurochan96wawa 渡部「今、それどころじゃないんだよ」 https://t.co/1HUp3UxGon
ham,@kurochan96wawa クロちゃんが宣伝するまでも無く、買うし😁💦💦
ham,@kurochan96wawa 通信量かかるから動画は見ない、、、
spam,@kurochan96wawa 口臭いしん！
ham,@kurochan96wawa 自分的に黒川衣装の方が良かったんだけどねw
ham,@kurochan96wawa @NAO_MAMESHiBA アルバムの形グニャグニャすぎる笑笑
ham,@kurochan96wawa 元プロデューサーは要らない‼️
ham,他のおめでとうコメントはしないくせに。このコメントもネットニュース狙いだろ‼️
ham,@kurochan96wawa 動画はキツイアルヨ💦
ham,@kurochan96wawa 楽しみにしてますー！
ham,@kurochan96wawa クロちゃんがやると売れなくなるから辞めてくれない？
ham,@kurochan96wawa アルバム売ってボロ儲けだしん。
spam,@kurochan96wawa うわ…口と息めっちゃ臭そう💩
spam,"@kurochan96wawa 通信料返せ💢💢💢"""
spam,@kurochan96wawa デスノート
ham,@kurochan96wawa 最後のほう何ゆうてんのかよく
spam,わからんかったわ( ﾟ 3ﾟ)～♪
ham,@kurochan96wawa 何枚か‼プレゼント🎁しろだしん😅
spam,@kurochan96wawa 幻影旅団のちょっと面白かった❗クロロになって松本人志の才能を盗め❗渡部のグルメスキルも盗め❗
ham,@kurochan96wawa 今日は肌がきれいですね！ https://t.co/ZODThwFQpG
spam,@kurochan96wawa この動画の呪いで売れないだろうな
spam,@kurochan96wawa 一過性のものだから売れなさそう
spam,@kurochan96wawa キモい
spam,言ってること意味わからないぞ
ham,@kurochan96wawa うっ･･･上様🐷
ham,@kurochan96wawa 豆柴ワンワンワンワン、ナンバーワン❓ https://t.co/KXBpgaNx1p
spam,@kurochan96wawa そのCDはクロちゃんのおごりで
spam,@kurochan96wawa 大変だしんねぇ〰️〰️‼️
spam,@kurochan96wawa オリコン1位にならんかったら罰ね
spam,@kurochan96wawa 髭伸びすぎ〜
ham,1年間 https://t.co/QIC3M3D8Db
ham,@kurochan96wawa 小顔効果☆
spam,@kurochan96wawa 錯視してるの？
spam,@kurochan96wawa 動画に映ってる人が豆柴ですか？
spam,@kurochan96wawa お前、部外者だろ‼️
spam,#筋金入りのクズ
spam,@kurochan96wawa そんなことで動画上げんな＿|￣|○
ham,@kurochan96wawa クロロに謝れ
spam,@kurochan96wawa いちいちうるさいわ！💢(。･`з･)ﾉ
spam,で、今度はどんな悪質な売り方するんや(；￢＿￢)ｼﾞｰ
ham,@kurochan96wawa このアイドル企画まだ続いてたんだな
ham,@kurochan96wawa クロちゃん全国へ売りに行きな😑
spam,@kurochan96wawa いつか、プロデューサーだったことも忘れられる運命なんだね...
ham,@kurochan96wawa クロちゃんの『トーキョー』も売れるといいね！ https://t.co/UwA1ToK9P9
spam,@kurochan96wawa どの面下げて言うてんの⁉️
ham,@kurochan96wawa クロちゃん意外とプロデューサーの才能あると思うよ
ham,@kurochan96wawa アドバイザーの意味分かってる( ;ﾟ皿ﾟ)ﾉｼ
ham,@kurochan96wawa おめでとうございます😽
ham,買いますね！✨
spam,@kurochan96wawa あんたが関わるなら応援しないし買う気もない
spam,@kurochan96wawa 最後の一言ですべてスベる明人の悪い癖
spam,@kurochan96wawa 無関係だから宣伝するな！セクハラ、パワハラ野郎！
ham,@kurochan96wawa ハッシュタグ豆柴の大群だけでいいやろ
ham,@kurochan96wawa なんやかんやでメンバーから愛されてるな！よかったな！
ham,これからも頼むしんよー！
ham,@kurochan96wawa お祝いは良いけど
ham,加工はイランイラン https://t.co/GpdqO2bwAY
ham,@kurochan96wawa 豆柴ワンワンワンワン、ナンバーワン❓ https://t.co/Gdschrnpcx
ham,@kurochan96wawa 今日リモクロの続きですよね🙃🙃🙃 https://t.co/9niiH9M50e
ham,@kurochan96wawa 誰得加工
ham,アドバイザー解任希望
ham,@kurochan96wawa まじで書いてあったんか https://t.co/M0ye0Abxhp
ham,@kurochan96wawa カンペ読みすぎやな
ham,@kurochan96wawa クロちゃんこれからもアドバイザー頑張ってね
ham,@kurochan96wawa クロちゃんワンワンワンワンワンパターン
spam,@kurochan96wawa この動画撮った後捕まったんだよね...
spam,@kurochan96wawa 全財産使って買い占めろよ
ham,@kurochan96wawa クロちゃんは?
ham,@kurochan96wawa おめでとうございます。
ham,半年間も豆柴と関わるなんて正直思っていませんでした。
spam,@kurochan96wawa さすが元悪役プロデューサー
ham,@kurochan96wawa 印税で笑い止まんねえなおい！クロちゃんで笑ったことないけどな！
ham,@kurochan96wawa 顔加工のせいでアルバムが歪んでる気がするな
spam,@kurochan96wawa 興味無い！！ハゲ！💩
ham,@kurochan96wawa しつこく関わる黒川
ham,@kurochan96wawa クロちゃんは豆柴の大群の
spam,@kurochan96wawa お前の意見は何一つ入ってない‼️お前は関わるな
spam,@kurochan96wawa 脱税すんなよ！
spam,@kurochan96wawa うるさいしん！！
spam,@kurochan96wawa 無駄な宣伝
ham,@kurochan96wawa 3秒で動画見るのやめました😉
ham,@kurochan96wawa 日本中のギガ支払え
spam,@kurochan96wawa お前は関係無いから便乗すんな
ham,@kurochan96wawa 96枚くらいフォロワープレゼントしろよ
spam,@kurochan96wawa 豆柴の大群の面々の気持ちがこれやぞハゲ https://t.co/dkQQ1XOPgq
ham,@kurochan96wawa 加工でCDがぐにゃぐにゃだぞ
ham,@kurochan96wawa いらんことをするなとゆいたいれす
ham,@kurochan96wawa 関係者ヅラしないでくれる⁉️
ham,@kurochan96wawa みんなの１分を返せ
ham,@kurochan96wawa 銭湯で風呂オケ、パクったんか⁉️
spam,@kurochan96wawa 死亡だな
ham,@kurochan96wawa 何でおふろにペットボトルあるの？
ham,@kurochan96wawa いちいちウインクしないと、撮影できねーのかお前は💢💥💢💥💢💥💢💥💢お前の神経どうなってるの💢💥💢💥💢(´ヘ｀;)
ham,@kurochan96wawa へー そうなんだ ふーん
ham,@kurochan96wawa 一生ねてろ
ham,@kurochan96wawa 茹で卵🥚
ham,@kurochan96wawa マジで寝てくれ。
ham,@kurochan96wawa 良かった❗
spam,@kurochan96wawa いやいやダメでしょ
ham,@kurochan96wawa 前から気になってたんですけど、浴槽に湯入れてますか？
ham,紙がしっかりしてるので https://t.co/uLI8CRjJ53
ham,@kurochan96wawa 芸能界にオマエは(ﾟ⊿ﾟ)ｲﾗﾈ!!
ham,@kurochan96wawa これ風呂にすら入ってないやろ。
ham,漫画ふやけてない。
ham,体や桶に水滴一つ見受けられない。
spam,@kurochan96wawa 鬼越トマホークに突っ込んでもらいたい😏
spam,@kurochan96wawa また塩素風呂に浸かって汚臭対策してるのね♨️
spam,#汚でん
spam,#汚野菜
spam,#汚風呂
spam,#汚食事
spam,#サーカス退団
spam,#クロナウイルス
spam,#クロカビの大群
ham,#自撮りの背景が歪む
ham,#天使がくれたドブボイス… https://t.co/DzJzFae3US
spam,気持ち〜ですか？
spam,@kurochan96wawa 語尾がモンスターの名前みたいになってるぞ！
ham,寝ちゃってるタールジン https://t.co/RToTdtm3Zz
spam,@kurochan96wawa クロちゃん…不倫したんだね…
spam,@kurochan96wawa 何故Twitterには低評価ボタンが無いのか
spam,@kurochan96wawa 風呂で寝たら死ぬだろ、嘘つくな
spam,@kurochan96wawa 寝たんじゃあなくてそれ、気絶してんの。召されるよ？
spam,@kurochan96wawa 本当に死んでしまうので気をつけてくださいね
ham,@kurochan96wawa 風呂場に烏龍茶いらんだろ
spam,@kurochan96wawa そのまま溺れてしまえばいいのに！(*≧∀≦*)爆笑👎🏿
ham,@kurochan96wawa 風呂で意識飛ぶのは寝てるんじゃなくて気絶してんだよ。
spam,@kurochan96wawa もしかして失神♪♪❤
spam,@kurochan96wawa 大嘘だしんよーしこって抜いてたしんよー糖尿病大食漢大嘘つきゴキブリ黒川ハゲダルマパチンコ依存症だしんよー
ham,@kurochan96wawa そこで生活しろやはよ
ham,@kurochan96wawa そのまま永眠してろ！！
ham,@kurochan96wawa ずっと寝ててくださいよ〜☺️
spam,@kurochan96wawa 🐙風邪引くから気を付けるだしん🥺
spam,@kurochan96wawa つまらん
ham,@kurochan96wawa お風呂で寝るのは危険やでd('∀'*)
ham,@kurochan96wawa なんて？(´・ω・`)💢
ham,@kurochan96wawa そのまま寝ていれば面白かったのに(ｏﾟωﾟ)ﾁｰﾝ https://t.co/EavAWijD94
ham,@kurochan96wawa 多分寝てない
spam,@kurochan96wawa 親父ギャグ😚
spam,@kurochan96wawa ケロリンうちにもある〜w
ham,@kurochan96wawa お湯ないでしょ？
spam,身体が乾ききってるよー。
ham,@kurochan96wawa お風呂に漫画ってカビ生えそう
ham,@kurochan96wawa なんなのぉー(; ;)
ham,@kurochan96wawa 風呂に飛び込み土左衛門だしん🤗
ham,@kurochan96wawa からのー、フロマニヨン人！
spam,@kurochan96wawa ゴミ屋敷やん
ham,@kurochan96wawa 一生そこにいてください。
ham,@kurochan96wawa 出てくるな
spam,@kurochan96wawa そろそろ起きれなくなるので本当のダイエットを勧めます。
spam,@kurochan96wawa うるせーよ、黙れ
ham,@kurochan96wawa サービスショットちょーだい
spam,@kurochan96wawa そのまま起きなくて良かったのに
spam,@kurochan96wawa そのまま永眠して
spam,@kurochan96wawa 食っちゃ寝なんて図々しい💢
ham,@kurochan96wawa ちょっと❗
ham,ナニ言ってるだしんか〰️〰️‼️
ham,@kurochan96wawa 何がケロリンだw
spam,@kurochan96wawa 汚風呂で寝てください‼️ケロリン桶で遊ばない‼️
spam,@kurochan96wawa このまま目覚めずスープおじさんになればいいのに
spam,@kurochan96wawa 起きなくていいのに。
ham,@kurochan96wawa そこで寝んねだしん！ https://t.co/520oexXvc5
ham,@kurochan96wawa ってゆーてますけど
ham,@kurochan96wawa 風呂で寝ると危ないからな
spam,@kurochan96wawa 死ぬなよクロちゃん
ham,@kurochan96wawa ケロリンの桶可愛い
ham,お風呂で寝たら風邪ひくぞー
ham,@kurochan96wawa ケロリンに謝れ
spam,@kurochan96wawa バカちゃぷしながらわけわからんことを🤣
ham,@kurochan96wawa 食っちゃ寝の毎日だな
ham,@kurochan96wawa お風呂 → 汚風呂
ham,@kurochan96wawa 頼む🙏溺れてくれ
ham,@kurochan96wawa そのまま逝けばいいのに🖕
ham,@kurochan96wawa ケロリン桶に謝れ💦
spam,@kurochan96wawa そんな事より、夜の美食家 渡部建さんが大変な事になってます。
spam,汚食家でもあり暴食家でもあるクロちゃんも今後気をつけて下さい。
ham,@kurochan96wawa AV女優さんみると殆どクロちゃんがフォローしてますの表示出てくるので戸惑ってます。
spam,@kurochan96wawa 何で‼️黒烏龍茶じゃ無い😠つまらん男だな👍️🐷
ham,@kurochan96wawa 寝てろ！
ham,@kurochan96wawa ねちゃってるたーるじん、ってなんですか？
ham,どういう意味があるんですか？
ham,謝罪会見を開いて説明をお願いします。
ham,@kurochan96wawa ねちゃってるたーるじん
spam,@kurochan96wawa その風呂桶で叩くぞクソ野郎
spam,@kurochan96wawa ダジャレ系がマイブームなの？
ham,@kurochan96wawa 一生寝とけば良かったのに！
spam,@kurochan96wawa その前に湯が入ってないやろ
ham,@kurochan96wawa 最近入浴ツイート多くね？ https://t.co/TmeiP6xe1y
ham,@kurochan96wawa 漫画お茶あるけどそこお風呂なのかい
ham,@kurochan96wawa 裏のジャンプは何だよ
ham,@kurochan96wawa いちいち、あーんって言うの草
ham,@kurochan96wawa 裸のままで寝れば
ham,@kurochan96wawa クロちゃんは実は新種の原人
ham,かもね(*‘ω‘ *)
spam,@kurochan96wawa 罰としてケロリンで頭をシバけ！
spam,@kurochan96wawa 風呂で寝るな！おい！
ham,@kurochan96wawa 化石にもならんわ！
spam,@kurochan96wawa お前の寝てたツイートは全て嘘説
ham,@kurochan96wawa よかったな
ham,@kurochan96wawa ご飯食べてすぐ寝ると太るよ？(・ε・｀ )
ham,@kurochan96wawa いつもお風呂入ってるね https://t.co/sfIeXXRrav
ham,@kurochan96wawa くそくだらなくて令和一笑ったわ
ham,@kurochan96wawa 渡部さんの枠空いたぞ！
ham,@kurochan96wawa 風呂の中にジャンプあるのやばすぎだろ
spam,@kurochan96wawa また汚風呂シーン 何が楽しい
spam,そしてケロリン桶どこで盗んだ
spam,@kurochan96wawa 永遠に寝てろ
spam,@kurochan96wawa 本当ならあなたの場合溺死する恐れあるからやめてください…
ham,@kurochan96wawa 暇なのか？
spam,@kurochan96wawa クロちゃんついに不倫認めたか・・・・・違う違うクロちゃんのお友達の話。綺麗でかわいいさ！奥さんいるのにさ！不倫浮気発覚何てさかっこ悪いよ。どうせなら見つからないようにやるべきだよ！奥さん傷つくじゃん。一生の傷だよ。
ham,@kurochan96wawa ぐっすり😪💤💤寝ればよかったしん😅
spam,@kurochan96wawa なんや⁉️アホか😒
ham,@kurochan96wawa 宣伝なの？
ham,@kurochan96wawa 帰って来てこれ一番に見たから気絶しそう
ham,@kurochan96wawa そのまま寝ててどうぞ☺️
ham,@kurochan96wawa 早く布団持ってきてもう一度寝ろ‼️
ham,@kurochan96wawa だからどこでもいいから二度と寝とけ
ham,@kurochan96wawa 前も寝てなかった？
ham,ヤバくない？ https://t.co/l5pQiCo8lZ
spam,@kurochan96wawa ( ・－・)危ない危ない…けど
ham,#いつものだろ
spam,#嘘つきグロおっさん
spam,#不要不急
ham,#自作自演
ham,#自撮り止めろ
ham,#無かった事にするのか
ham,#結婚まであと何日
ham,#ダイエット
spam,#腹を割る https://t.co/zi1Vp6J2ia
ham,@kurochan96wawa ずっと寝てていいのに
ham,@kurochan96wawa クロちゃんと一緒にお風呂入りたいにだ///
spam,@kurochan96wawa うるさいよハゲリン
ham,@kurochan96wawa 愚の骨頂
spam,@kurochan96wawa あーん、て言うの辞めてもらえます？
ham,@kurochan96wawa 別にそのまま目覚めなくてもよかったのに。 https://t.co/QSTFX6XQkB
ham,@kurochan96wawa 何の説の検証中ですか？
ham,@kurochan96wawa なにしてんの笑
ham,@kurochan96wawa ずっと寝てなよ♪
ham,@kurochan96wawa ジャンプが可哀想
ham,@kurochan96wawa 銭湯からパクった洗面器？
ham,@kurochan96wawa そのまま永眠して下さい🙇‍♂️
spam,@kurochan96wawa そのまま沈めばよかったのに
spam,上がってきちゃったか〜😩😩
ham,@kurochan96wawa ウインクは固定なんか
spam,@kurochan96wawa 昏睡状態だと思う！血糖値上がるとそうなるよ明人
ham,@kurochan96wawa アンジャッシュ渡部さんについてどう思いますか？
ham,@kurochan96wawa アンジャッシュ渡部に一言ありますか？wwww
ham,@kurochan96wawa 熱湯ぶっかけてもいいですか💖🗿‼️
ham,@kurochan96wawa 毎日いったい何してんの？
ham,@kurochan96wawa キャンドゥの袋しんねー！！！
ham,@kurochan96wawa 前から思ってたんだけどその洗面器どっからパクってきたの？
ham,@kurochan96wawa そのままでてこなくていいよ
spam,@kurochan96wawa 面白くない
spam,@kurochan96wawa また嘘か。。。
ham,風呂で寝てて体が少しも濡れてないし
ham,一滴の汗もかいてない。
spam,コイツは嘘しか言えんのやろな。
ham,@kurochan96wawa お風呂で寝たら危ないですよ😊💖💗
ham,@kurochan96wawa お風呂が部屋？？
ham,@kurochan96wawa ネアンデルタール人😃
ham,@kurochan96wawa あーんではじまるのやめろ！
ham,@kurochan96wawa 師匠‼️そのまま寝てて下さい😊
spam,@kurochan96wawa また嘘ツイートか🥱
ham,@kurochan96wawa てっきりケロリン食べると思ってた😑
spam,@kurochan96wawa 沈め
spam,@kurochan96wawa 嘘つけ‼️
ham,風呂の下り要らねえよ‼️
ham,いつも浸かるだけで洗ってねえじゃねえかよ‼️インキンタムシが‼️
ham,@kurochan96wawa おもんない
spam,@kurochan96wawa 嘘 ツ イ ー ト
ham,@kurochan96wawa 銭湯からパクってきたんですか？いい加減にして下さい
ham,@kurochan96wawa のぼせればよかったのに
ham,@kurochan96wawa 汚風呂場でトイレもできるんやし、別にええやん。 https://t.co/AZdedxsW3e
ham,@kurochan96wawa は？駄洒落が超つまらない。
ham,@kurochan96wawa ネアンデルタール人に謝れ
ham,@kurochan96wawa またかよ https://t.co/gR3n3LmTnH
ham,@kurochan96wawa 深夜にアイス食べてるから血糖値下がらなくて気絶していたしんね
ham,@kurochan96wawa いい洗面器持っとりますな！
spam,@kurochan96wawa よくそれだけ次から次へと嘘がつけますね
ham,@kurochan96wawa そのままスープおじさんになれ
ham,@kurochan96wawa ザビエルザビエルザビエルザビエルザビエルザビエルザビエルザビエルザビエルザビエルザビエルザビエルザビエルザビエルザビエルザビエルザビエルザビエルザビエルザビエルザビエルザビエル
ham,@kurochan96wawa お湯が可哀想やな😱
ham,@kurochan96wawa 自粛前より太った気がするゆーてますが
ham,@kurochan96wawa けろけろ鳴いとけ〜
ham,@kurochan96wawa ツイート頻度www
ham,@kurochan96wawa ケロリンに謝れ
ham,@kurochan96wawa 10日目ですか？
spam,@kurochan96wawa クロちゃんがお風呂で気絶＝自慰行為
ham,@kurochan96wawa それってもしかしてネアンデルタール人のこと言っています？
spam,@kurochan96wawa 風呂場にサントリー烏龍茶は未知の領域
ham,@kurochan96wawa 溺れてなかったか…
ham,@kurochan96wawa ブス〜ブス〜 素敵💘
ham,@kurochan96wawa お風呂？ https://t.co/oGctGsDomE
spam,@kurochan96wawa 気絶ニキ
ham,@kurochan96wawa おもんないw
ham,@kurochan96wawa 溺れなくてよかったね
ham,@motohage 宮迫さん同じ不倫芸人仲間としてアンジャッシュわたなべさんに一言お願いします。
ham,@motohage 串カツ宮迫のPR少なすぎません？(笑)
ham,@motohage 宮迫さんが渡部さんのことけちょんけちょんに言うとこ、アメか行列で聞きたかったなあ！！聞きたい！！！
ham,@motohage 我が家そうめんはつけ汁に
ham,薬味位が多く(これも好き)
ham,飽きてくるんでいいですね！
ham,天ぷら揚げると考えたら
ham,(これも好きですが面倒
ham,簡単でいいですねPOWER🔥
ham,@motohage 渡部さんの不倫問題で、宮迫さんと共演したいって。もうTVはいらないって。
ham,渡部さん、今後はYOU tube1本で頑張るって。さっき話してました。
ham,連絡してあげてください。
ham,@motohage めんつゆとか白だしが毎回メーカー違うから、動画以外でも宮迫さん皆にお料理作ってあげてるってことなんだろうね。
ham,夏前にトマトの素麺アレンジ動画あげて欲しいな、、そっとリクエストしておきます。
ham,@motohage カレｰそうめん美味しそです💛
ham,カレｰ粉は
ham,ﾊﾟｳﾀﾞｰのでも大丈夫かなｧ🥺💕
ham,私はｶﾗﾌﾙなそうめんだけでも嬉しくて
ham,ﾃﾝｼｮﾝ上がるのに
ham,ｶﾗﾌﾙでも食べたら味一緒やんて友達に
ham,言われます(･ε･`)
ham,@motohage ザッサーーン笑
ham,言う度にわろてまう😂
ham,@motohage 渡部さんとコラボして、二人してネット見ろと言う未来が見えました。
ham,@motohage 戸田英志『詐欺師と騒がれてる男』→ヒカルと知り合い→宮迫と知り合い=繋がってますよね？
ham,@motohage 紳助、宮迫、渡部、行列どうなってるんですか！笑
ham,@motohage コロナで自粛中は、宮迫自粛期間にカウントされませんので、よろしくお願いします。
spam,@motohage アンジャッシュ渡部さんが不倫。
spam,行列メンバーがまた．．．．．
ham,@motohage おい、不義理
ham,@motohage みんな大好きカレーそして、夏には食べたくなる素麺。今後暑くなるにつれて食べたくなりそうな料理。調べれば分かることも宮迫さんの説明でよりわかりやすく聞きたいです。そして今後定番料理を宮迫風アレンジでさらにおいしくなるというものも見てみたいです。楽しみにしてます。
ham,@motohage 次回はそうめんを使った料理をみたいです😆
ham,@motohage 宮迫はん！やあ！やあ！熱中症に気をつけてね！
ham,@motohage 美味しそうでした！
ham,カレーうどんは良く作るのですが、素麺！
ham,夏にぴったりですね！
ham,作ってみます^_^
ham,宮迫さん
ham,調味料、計量するようになったんですね！？
ham,私は常に目分量なので、宮迫さんの目分量加減が分かり… https://t.co/XLaJeM0xHE
ham,@motohage 見に行きますね～꒰ ´͈ω`͈꒱
ham,@motohage もうゲームと料理はしばらくいいわ！
ham,@motohage 美味そーやな✨🤤
ham,夏バテにも気をつけて早く復帰してきてー💪
ham,@motohage 我が家も同じ。素麺が余った時、味に飽きたら、カレーだったり、チャンプルーにしたり、皿うどんみたく油で揚げて、八宝菜餡かけかけて食べてます。
ham,彩や味は宮迫さんの方が断然良いですが。美味いですよね、それ。
ham,@motohage はよテレビに戻れ
ham,@motohage 見ました⤴️美味しそうでした♪今度作ってみたいと思います😆
ham,@motohage 宮迫さんめっちゃ旨そーやから作ってみますね♪
ham,前世はイタリア人🇮🇹ちゃうわー🤣🤣🤣
ham,前世は。。。むむっ！
ham,OFF-WHITEっていうイタリアのブランドがあるやないかーい‼️
ham,って事は宮迫さんの先祖はイタリア人かーっておかんが言ってたなー
ham,@motohage 見た目も鮮やかなカレー素麺😍
ham,夏バテ防止にいいですね～
ham,麺にオリーブオイルφ(･ω･｀)ﾒﾓﾒﾓ
ham,発想がありませんでした。
ham,やってみよう👍🏼
ham,後、マスクね…買い物行くと同じく感じます。
ham,気温が上がって夏だから余… https://t.co/BCNmk24Un4
ham,@motohage 私は昨日グリーンカレーそうめん作ってました。宮迫さんの料理参考になります。カレーとそうめんは相性抜群！ https://t.co/6PzSD4RwLi
ham,@motohage 今は、嫁迫さんは日本人ですから💖
ham,@motohage カレー素麺ありそうで無かったね。カレーうどんがあるんだからカレー素麺があってもいいよね～。和風だからお蕎麦屋さんのカレーに似てるのかな？美味しそう😋🍴🎶宮迫さんは嫁迫さんを本当に大切にしているんですね♥ ネギのオッサンに注意すれば良かったのに。
ham,@motohage カレー素麺簡単で美味しそうです😋
ham,最近毎日暑くてバテバテなので、
ham,カレー味は食欲が出て良いですね❗️
ham,@motohage 「これはほんまに美味しいやつです。」今までのは美味しくなかったんですか❓
ham,@motohage カレーが余った翌日そうめんにぶっかけて食べたり、カレーパスタにしたりすることはありましたが、最初から丁寧にあんかけ素麺を作り込んでくやり方もよいなぁと思いました😊擬音語まつり毎回爆笑です。メッセーん！！
ham,@motohage 宮迫さんの好物カレーと素麺！
ham,最高の組み合わせですよね(^^)
ham,擬音祭り笑いました😂
ham,あと、夏バテが解消されますように🙏
ham,@motohage 宮迫!こんばんは(*^▽^*)ノ 嫁迫のリクエストで素麺 色合いが綺麗で(๑ᵒ̴̶̷͈᷄ᗨᵒ̴̶̷͈᷅)✧ｽﾃｷღ 食欲がでるわ(*•̀ᴗ•́*)و ̑̑
ham,@motohage 元兵庫県民です。「揖保乃糸」は揖保川が由来だと聞いてます。そして黒帯が好き。カレーとのコラボ…試してみるかな。
ham,@motohage 美味しそう❤️週末やってみよう🎵
ham,前にTwitterであげていた、あらみじん切りした魚介とあおさの冷製カッペリーニのレシピが知りたい！ぜひ、動画でやってください‼️
ham,@motohage クックパッドに溢れかえるメニュー😊
ham,味も想像の域を超えなさそう😆
ham,さっぱり食べたいなぁ😅
ham,@motohage カレー素麺美味しそう🤤
ham,彩りと鮮やかで😍
ham,素麺って何故か残るのでアレンジ色々助かります(^-^)ヒカルさんの動画のチャンプルも美味しそうでしたし(^-^)今年の夏の素麺レパートリーが増えました(^-^)
ham,#カレー素麺
ham,(人´ｴ`*)お疲れ様です♪💕
ham,@motohage めちゃくちゃ笑いました🤣目分量、味見、余熱舐めないで❗️やってみますね〜
ham,湯切りで爆笑🤣
ham,美味しそう〜カレー素麺てやってみますね😉
ham,@motohage アンジャッシュ渡部さん
ham,何したの？
ham,宮迫さん～🙏
ham,@motohage 急な温度変化で本当体に堪えますね💦
ham,宮迫さ〜ん、この時期ぴったりの
ham,元気の出る料理ですね🤩確かに宮迫さんのチャンネルを見ていたのだと思います😆つつみさん引用🎶ゼスからのモスに到達する前に旨味の味付ですね✨😆宮迫… https://t.co/26LHM9blVL
ham,@motohage カレー素麺！そういうのもあるのか（ゴローちゃん風）
ham,@motohage カレーも暑い時にイイし、素麺も暑い時食べたい❣️
ham,でもでも、作る時に暑い
ham,それを乗り越えて作ってくれる人ってホントに素晴らしい。
ham,オリーブオイルかけた段階でパスタっぽくなりますね。トマトとオクラの彩も綺麗… https://t.co/eCfsWHbzYv
ham,@motohage どうしても素麺食べれなくて。
ham,チャレンジしてみます
ham,@motohage カレーと素麺を合わせるというのはとても斬新なアイデアですね！
ham,今回も余熱なめないでいただきました！(恒例)
ham,@motohage 素麺はつゆだけだと
ham,飽きてしまうので
ham,カレーアレンジは
ham,美味しそうですね😊
ham,動画の中で堤さんが
ham,ヘイSiri！と行ったら
ham,私のiPhoneが反応して
ham,Siriが起動してしまいました😆
ham,そんなこと起こる⁉️
ham,@motohage おいしそうなんだけど、この写真のスカした顔は何なんだ？
ham,出川とか竜ちゃんがこんな顔するかね？
ham,@motohage 料理系なのに最初から飛ばす飛ばす❣️
ham,前振り:主婦の会話ですやん🤣
ham,擬音:バリエーション有りまくり🤣
ham,揖保乃糸:イボの意図連想するわ🤣
ham,※兵庫県たつの市の美味しい素麺ですね！👍
ham,轟さんめっちゃ張り切るわ🤣
ham,中身濃すぎ👍面白かった🤣
ham,作ります🤣
ham,@motohage オリーブ油とは、ナイス。くっつくからね、、試してみます。カレー味スタミナつきそう。トマト味も気になる、ぜひ教えください。
ham,@motohage 宮迫さんの「ザッサーン」とか「メッセーン」とか効果音大好きなんですけど、今日は初めての効果音満載で爆笑しましたｗｗｗ
ham,あと「宮迫博之」で生配信の時はギューン！するの恥ずかしがってできなかったのに、今日の動画では… https://t.co/z0lwEy9Xny
ham,@motohage 嫁迫さんのこと本当大好きって感じられます^ ^
ham,リクエスト増えて宮迫さんの料理のレパートリーが増えてそのうちに宮迫さんの料理本出たら絶対買います^ ^
ham,@motohage 応援してます
ham,@motohage これぞ宮迫さんにしかできない料理動画🤣
ham,美味しそうだし、面白いし、
ham,つつみさんとsiriとの掛け合いで笑い転げました😂
ham,スーパーは自粛明けてもほんとなんでこんなに混んでるだろうって言うくらい酷くて買い溜めレベ… https://t.co/Cg9gGO3LVN
ham,@motohage アレンジ素麺めちゃ嬉しい〜🌟
ham,うちは余ったカレーに素麺程度だったので是非とも参考にいたします😆🎉
ham,買物中のマスクの話やレジ並共感いたします！
ham,宮迫さんの身近なトーク
ham,もっともっと聞きたいです❣
ham,@motohage 今晩、今度作ります。😆
ham,@motohage オクラの緑とトマトの赤が綺麗で美味しそうでした♡夏バテ防止に絶対みんな作ってたべて欲しい一品ですね♡
ham,宮迫さんいつも教えてくださってありがとうございます。
ham,そうめん茹でるとこ爆笑しちゃった🤣
ham,Siriとお前何し… https://t.co/78ahZcCily
ham,@motohage カレー素麺めちゃくちゃおいしそうでした〜！食べたい。。。
ham,調味料入れるとき、擬音のオンパレードで面白かったです(笑)宮迫さんのままで轟さんも見れて最高でした(^-^)
ham,@motohage めちゃくちゃ美味しそう！週末やってみます！因みに素麺になめ茸、ツナ、かいわれ、きゅうりを添えて食べるのも凄く美味しいのでぜひ試してみて欲しいです！
ham,@motohage 素麺にカレーは驚きでした‼️子供達これは喜びそうです😊
ham,つつみさんいてるからかな？宮迫さんがテンション高いの☺️楽しいです💕
ham,@motohage 夏にカレーと素麺の組み合わせ😄
ham,美味しそう🎵ぜひ夏バテ予防レシピなどもお願いします(^-^)v
spam,@motohage 素麺つゆの中に毒とは言いません、宮迫さんの小便をーーー！
ham,@motohage 今度、嫁迫と宮迫の料理対決とかやって欲しいな。面白い動画になると思うんだけどな😃
ham,@motohage 擬音のバリエーション🤣🤣🤣
ham,ゼスッからのモスッ（笑）
ham,ミーーン！メッセーン！
ham,擬音のたびに大笑いして見てましたw
ham,「余熱なめないで！」も２回あって良かった笑（予熱ファン）
ham,夏にピッタリのお料理
ham,今度作ってみま… https://t.co/sOoz420Wi8
ham,@motohage 五色そうめんは愛媛県松山市の郷土料理です。
ham,ぜひ食べに来てください😊
ham,カレーそうめんは初めて知りました🤤
ham,@motohage ピンクや緑色の麺入ってましたね。子供の頃嬉しくなかったですか？カレーそうめん食欲のない夏にぴったりですね。暑い夏ですけど熱中症にならないように注意しながらマスクはしないとですね🎶
ham,@motohage 本当にそうめん増えます💦
ham,レシピ有難いです🥰
ham,@motohage クックパッド検索
ham,ご苦労様です！！！
ham,@motohage 美味しそう〜🥺🥺素麺にカレーは試したことないので食べてみたいです！
ham,@motohage わっ！めちゃくちゃ美味しそう〜🤤🤤🤤
ham,今から夫婦で観ますネ😃✌️✌️✌️
ham,@motohage カロリーボムで免疫力をつけて夏とコロナを乗り切りたい。太ってもいいじゃない！
ham,@motohage カレー素麺👀食べた事がないけど、美味しいんかな🤔
ham,@motohage 美味しそー🤤彩りも良くて食欲そそるサムネ🤤💓見てきまーす☺️
ham,@motohage えっイタリア
ham,@motohage 美味しそうですね。夏にぴったし!!(´^q^｀)
ham,@motohage ちょうど今日そうめん頂きました🙏
ham,一昨日、少年野球の子達がやっと再開された練習を喜ぶかのように監督さんと一緒に流しそうめんしていました🥺！
ham,子ども達の笑顔が見れて幸せでした👀
ham,@motohage #荒野の光 https://t.co/TRQE0lgvEk
ham,@motohage 宮迫さん待ってるから！
ham,また帰ってきてね！(*'ヮ'*)
ham,@motohage グリーンカレーと和える素麺も美味しいですよ
ham,@motohage 前言ってたそうめんのやつですね！拝見させてもらいます☺
ham,@motohage 半グレ繋がり。
ham,仲良しですね
ham,@motohage 荒川乃土手ww
ham,@motohage おっさんズラブだな。二人バイオハザード７プレイ宮迫さん二又さんプレイ怖くないよ
ham,@motohage @owaraimari2 これこれこれなんだなぁ…
ham,この仲間意識や友情に魅せられてどんどん応援したくなるんだぁ～☺️🍀
ham,@motohage さすが年期と重みが違いますね
ham,@motohage 赤いきつねと 緑のたぬき、懐かしいですね～
ham,@motohage ツンデレかよ！
ham,@motohage はよテレビに戻れ
ham,@motohage かっこいい！
ham,@motohage わ～、動画ではあんな感じなのに、素敵。
spam,@motohage やぁぁーん😭泣いちゃう……。今まで三又さんの事何とも思った事無いけど、宮迫さんにあの騒動あったあとも何も変わらず何も無かった様に側にいてくれてる三又さんと宮迫さんの腐れ縁？？
ham,本当素敵やん♥️
ham,@motohage 50代でこんな事が言い合える関係っていいなぁ〜
ham,ずーっと一緒に生きてきてるんですね😌
ham,@motohage 三又さんのドッキリ企画が見たい。
ham,@motohage 50なのに熱くてなんか、かっけー
ham,@motohage やっぱりアメトークで見たい。
ham,なんとかお願いします。
ham,@motohage 宮迫さんって、ホントにツンツンしたりデレたりして照れ屋さん。三又さんとズッ友。
ham,@motohage 昨日の動画の楽しそうな姿、気を許した表情が二人の関係性を表してるなと思いました。
ham,三又さんの文に胸がじんとして、宮迫さんの言葉に心を打たれました。
ham,@motohage なんすかこのやり取り。色々あってこその男の友情ですね👍️
ham,@motohage 宮迫さん大好き❗️いいなーそういう仲間って。
ham,@motohage 呟きの一言に👍👍👍👍👍👍👍👍👍👍👍👍👍👍👍👍👍👍👍etc………😊
ham,@motohage 感謝しかないじゃないですか、、、！！
ham,@motohage 宮迫❗復帰を願って
ham,いるよ。
ham,色々あったけど。
ham,復帰をして、頑張
ham,@motohage まぁ☺️素敵です💕
ham,@motohage 行列仲間の渡部が醜聞で失脚❗️😵
ham,感傷的にならずTVへの復帰の好機と捉えて良いのでは？
ham,@motohage 芸と友達とファンは〜〜離れなーーーーい！応援してまーーす！また何か歌って欲しいです！
ham,@motohage まさに、クズ同士。
spam,@motohage @mimatadance なんか泣けます。
ham,@motohage 宮迫と又三は仲良しだね(*•̀ᴗ•́*)👍
ham,これからも仲良くするんだよ(๑⃙⃘ˊ꒳​ˋ๑⃙)
ham,またドッキリ楽しみにしてます(ಡωಡ) ﾆﾔﾆﾔ
spam,又三には悪いけどﾌﾞ━━∵; (;: ⊙ *⊙;);:∵━━ｯ!!w
ham,@motohage ひゃあああああ☺️💓素敵！！！
ham,たった一言だけれど、信頼関係みたいなのをすごく感じます！✨
ham,これからも三又又三さんとお幸せに💓笑
ham,@motohage 友達羨ましいです！
ham,宮迫さん、三又又三さんこれからも無理せず頑張ってください
ham,@motohage 何年経っても、何歳になっても素敵な友情が続いてるんですね！
ham,@motohage 普段言いたいことが言えるってことは、なんだかんだ、仲良しってことですよね(^-^)昨日の動画もう一回見返してましたが、ほんま面白い。
ham,三又さんは宮迫さんがYouTube開設してすぐ唯一、芸人さんでコラボしてくださった方。ほんま感謝ですね。
ham,@motohage 一番最初にコラボしてくれた事、忖度無しに❗️嬉しかったですよね～三又さんも、一人前にしてあげてください❗️
ham,@motohage 50のおじさんたちに萌える🥺❤️
ham,@motohage 三又すぐブロックしやがる！
ham,@motohage (*^o^)／＼(^-^*)友達最高⁉️☺️🎉
ham,@motohage みんなツンデレとか言ってるけど、、、
ham,「俺も感謝してるよ。」
ham,→いや、ネタやろwww
ham,@motohage マジックドッキリの時、
spam,「【親友】を殴るの嫌やけども………」って
ham,言ってましたもんね(^^)
spam,@motohage 何もしてないのに三又又三にブロックされたww
ham,@motohage 素敵な関係🌟
ham,お二人のトークの掛け合い好きですょ！
ham,又純恋歌歌って欲しいなぁ✨🎉✨
ham,@motohage お友達ってやっぱりいいなぁ❤️
ham,@motohage 冷麺1600円
spam,@motohage 松っちゃんに金返さない男と松ちゃんのアドバイスを無視した男！
ham,@motohage ツンデレが過ぎる🥺
spam,@motohage これからも腐れ縁で。。。
ham,時には真面目に「感謝」と言えるのがカッコいい
ham,@motohage 持つべきものは心友😊😆
ham,@motohage https://t.co/EC1ZMd3igq
ham,@motohage ツンデレな関係、素敵です❤️
ham,@motohage 荒川乃土手💕
ham,@motohage 応援してます
ham,@motohage これが噂のツンデレ…だ☺️
ham,@motohage 荒川乃土手の純恋歌…あらびき団で観て心をグッと掴まれました♪
ham,@motohage なぜ宮迫さんの近くにはクセが強過ぎる戦友が多いんですか(T_T)
ham,@motohage 長い付き合いの良い仲ってやつですね
ham,@motohage 泣いちゃう・゜・(つД｀)・゜・
spam,@motohage ヤバい！ぶわぁっ！と涙が… YouTubeめっちゃ見てますよ！ 三又さんのも好きですが、バイオが1番好きですwwww ハイボールガンガン飲んでがんばってください！ いつか生バイオ待ってます^ ^
ham,@motohage なんか素敵な関係ですね☺️💕
ham,@motohage #荒野の光 https://t.co/tcZf8QuMoC
ham,@motohage 復帰は、まだ早いと、思いますよ〜
ham,@hamaitachi 華ってなんだろう
ham,@hamaitachi 全然関係ないけど、ピンキリ面白かった！
spam,@hamaitachi かまいたちって、濱家さん山内さんお互い単独だと、あれだけど… 2人そろうと最強おもしろ芸人だと思う。
ham,@hamaitachi めちゃくちゃ面白かったです！！！ もっと東京9期詳しく知りたかった〜笑
ham,@hamaitachi 位置情報、、、！
spam,@hamaitachi フォロワー6000人？？笑笑
ham,@hamaitachi vs嵐は面白かったです笑
ham,@hamaitachi 藪から棒に笑
ham,@hamaitachi こんばんは～楽しみにしてます！
spam,@hamaitachi 濱家さんかっこよかったー！息子が嵐勝てなくて悔しがってる！
ham,@hamaitachi 華はないけど、鼻はある同期？！
spam,@hamaitachi 位置情報😱😱😱😱早く消して😭😭😭
ham,@hamaitachi 華のある、はもういじってるやんｗｗｗｗｗｗｗｗｗｗｗ
spam,@hamaitachi （濱家さん、設定のプライバシーとセキュリティってところで無効になっているか確認された方がいいかと、、、！） https://t.co/74pZIutYxb
ham,@hamaitachi 7時からずっと見れて嬉しい😊 vs嵐の感想もお願いします！
ham,@hamaitachi 見ます〜！ 位置情報乗っちゃってるので一応設定から直した方がいいと思いますよ😹
ham,@hamaitachi VS嵐　面白かったですw
spam,@hamaitachi バーサス嵐、ナイスー✌ 屋上で叫んでましたー😁👍
ham,@hamaitachi vs嵐面白かったです🤣🤣 かまいったーTVも楽しみにしています(੭ᵒ̴̶̷̥́~ᵒ̴̶̷̣̥̀ᑦ)♡
ham,@hamaitachi 濱家さん！位置情報！！！
ham,@hamaitachi 楽しみにしてまーす！！
ham,@hamaitachi 🙆🏼‍♀️✨
ham,@hamaitachi VS嵐面白いですwww
ham,@hamaitachi 楽しみです~✧ でも位置情報大丈夫ですか...??
ham,@hamaitachi みます\(๑╹◡╹๑)ﾉ♬
ham,@hamaitachi 楽しみです!!
ham,@hamaitachi VS嵐めっちゃ面白かったです！
ham,@hamaitachi 今vs嵐で爆笑してました🤣
ham,@hamaitachi 楽しみにしてますね〜
ham,@hamaitachi キラッキラですね
spam,@hamaitachi いや位置情報いいんかて、、
ham,@hamaitachi みまーす！
ham,@hamaitachi 観ました➰。エンディングの濱達、面白かったです(^-^)/
ham,@hamaitachi リピートして見ました！ MC来るといいですね！
ham,@hamaitachi MC希望なら...簡潔にな^ ^
ham,@hamaitachi 見ました！めっちゃ痩せてましたね！
ham,@hamaitachi ジェスチャーゲーム 泣きながら笑いました😂✨
ham,@hamaitachi 観ました。痛風の件で濱家さんの真面目さが出ましたね😆
spam,@hamaitachi 一応見たよ。
ham,@hamaitachi すっごく面白かったです！濱家さん最近イケメンになったと思ってたら、7キロもお痩せになったんですね(ﾟoﾟ;; 私は最近ちょうど7キロ太りました…
ham,@hamaitachi めちゃくちゃ面白かったです🤣🤣
spam,@hamaitachi ジェスチャーゲームの濱家さんに、お腹抱えて笑ってしまった。かわいかったー！！
ham,@hamaitachi 濱家さん、めちゃめちゃ面白かったです！♡
ham,@hamaitachi 人生の中で1番おもしろいジェスチャーゲームでした！✨
ham,@hamaitachi しりとりの嵐への忖度感が素敵でした
ham,@hamaitachi ジェスチャーで涙出るほど笑ってしまいました！ありがとうございます😊
ham,@hamaitachi 録画で見てます🙄🙄 濱家さーん💦位置情報念のために消したほうがいいと思います！！
ham,@hamaitachi 面白かったです〜👻💜
spam,@hamaitachi テレビ見てなかったけど、声が聞こえて、あ、濱家さん出てるんだって思った
ham,@hamaitachi 濱家さん！！！！！！！！！！！！！位置情報気をつけてください！！！！！！！！！！！！！
ham,@hamaitachi 濱家さんMCやりたい欲強すぎて面白かったです（笑）
ham,@hamaitachi 家族でめちゃめちゃ笑いましたｗｗｗ
ham,@hamaitachi 見ました✨✨ まさかの特別ゲストが濱家さんで嬉しかったです♡ そして、可愛すぎました😍✨笑
ham,@hamaitachi 見ました！！！！ めちゃくちゃ面白かったです😂 MC増えるといいですね（笑）
ham,@hamaitachi ジェスチャー面白かったです！！ それまではヤバかったけど(笑)ジェスチャーめちゃめちゃ笑った🤣
ham,@hamaitachi 面白かったです！！
ham,@hamaitachi 濱家さん最高でした！！
ham,@hamaitachi めっちゃ面白かったです！！！
ham,@hamaitachi みたよ！！
ham,@hamaitachi 見たけども……意外と面白いんですね🙆‍♂️
spam,@hamaitachi 返しの悪さといいそういうとこやで
ham,@hamaitachi 家に着いてテレビを付けたと同時に濱家くん登場で、🥰🥰🥰でした😆
spam,@hamaitachi 巷ではマルマルモリモリの相方の方じゃなくて、マルマルマルマルさんの相方の方かって言われてます🤭
ham,@hamaitachi 7キロ痩せたんですね！
ham,@hamaitachi 見ました！面白かったです〜😂🤍 ジェスチャーゲームの濱家さんが最高すぎて大好きでした🥰
ham,@hamaitachi 出てた？
spam,@hamaitachi 見ました～✨ 濱家さんだけ雨降って寒そうでしたね😊 とぅてもおもしろかったです👍😃⤴⤴
ham,@hamaitachi 見ました〜(*´`) ジェスチャーめっちゃ上手でしたー
ham,@hamaitachi 嵐と共演なんて嬉しいわ
ham,@hamaitachi 今田さんのジェスチャーよくわかりましたね！ ターミネーター‼
ham,@hamaitachi 意外に面白いですね！
ham,@hamaitachi 見てます👀 ジェスチャーすごく面白かったです🤣
ham,@hamaitachi ほんとに面白いです
ham,@hamaitachi 観てます‼️
spam,@hamaitachi ホンマに痩せてる…。 なんでいっつもこういう扱い？？ でも、イジられっぷりが愛おしい。
ham,@hamaitachi ジェスチャー凄く上手でした！面白かった🎵
ham,@hamaitachi めっちゃ笑った👍
ham,@hamaitachi トレンド入ってましたよw https://t.co/gdP8cjZa3e
ham,@hamaitachi 位置情報出てます！
ham,@hamaitachi ででくると思ったらニヤニヤしながらみてました😳 ジェスチャー面白すぎました🤣
ham,@hamaitachi みてます！ めちゃくちゃ面白くて お腹痛いくらい笑いました！
ham,@hamaitachi 最高でした😂👏🏻💖
ham,@hamaitachi 面白すぎましたwwwwww
ham,@hamaitachi めっちゃ面白くて、めっちゃ笑った🤣 ストレス吹っ飛びました😊
spam,@hamaitachi かわいい😢😢♥️
spam,@hamaitachi こんばんは🌟 だいすきな嵐さんの番組にだいすきな濱家さんが出るの幸せの極みです🥺💗💗💗 雨の中お疲れ様でした…！
ham,@hamaitachi 笑いすぎて泣きました🤣🤣🤣
spam,@hamaitachi これでフジテレビでのかまいたちMCは失くなりましたね。
ham,@hamaitachi 今見てます〜！ 濱家さん位置情報出ちゃってますよ💦
ham,@hamaitachi ジェスチャー対決面白かったです🤣🎹💻👻
ham,@hamaitachi 死ぬほど笑ってます
ham,@hamaitachi 最高でした
ham,@hamaitachi 観てましたが…かわい過ぎました☺️  特に今田さんのジャスチャーに 答えてる時が😆
ham,@hamaitachi 見てます！！面白いです🥺
spam,@hamaitachi おばけぇ最高だいすき
ham,@hamaitachi マル秘ゲストだったのに(笑)(笑)
ham,@hamaitachi 嵐の番組でかまいたちさん見れてめちゃくちゃ得した気分です。 フジテレビでMC番組見てみたいです。
spam,@hamaitachi なんか痩せて見える！
spam,@hamaitachi めっちゃ痩せてるやん😭 ご飯いっぱい食べてくださいねー😭 心配… 叫びまじ長かったww 答える側の濱家さんおもろすぎやろwww
ham,@hamaitachi まさに今見てるし🤣👍
ham,@hamaitachi 今日もたくさんイジられましたね❤️
ham,@hamaitachi 観てます!!叫ぶところ長かったですね😂
spam,@hamaitachi 自爆www
ham,@hamaitachi もう、濱家さんの出だしだけで爆笑です👍
ham,@hamaitachi おもしろいです(笑)
ham,@hamaitachi OKでーす笑
ham,@hamaitachi みてるよー！
ham,@hamaitachi 今の顔隠れてたけど一瞬で分かった！！！
ham,@hamaitachi 見てます〜〜！！ スペシャルなゲストですね😂😂
ham,@hamaitachi みてます！
ham,@hamaitachi 見てます
ham,@hamaitachi 絶対みる！
ham,@hamaitachi 見てまーす！ 濱家さんのドッキリ楽しみ🤩
ham,@hamaitachi 位置情報が、、、
ham,@hamaitachi 見てます👀
ham,@hamaitachi 見てますよー！！山内さんスタジオですね！笑
ham,@hamaitachi 見てまーす！
ham,@hamaitachi 今見てます☺
ham,@hamaitachi 今日かまいたち多めで嬉しいです！
spam,@hamaitachi まだかなぁぁぁ！！！！
ham,@hamaitachi いつ出るのかドキドキしながら見てます！完全に売れましたね！！（確信）
ham,@hamaitachi 見てます🙆‍♀️🙆‍♀️🙆‍♀️
ham,@hamaitachi いま見てます〜！！かまいたちさんもうvs嵐の常連ですね😸🌟 位置情報大丈夫だとは思うんですけど気をつけてください！、
ham,@hamaitachi かまいたちテレビ出すぎて録画ついていけない…😱😱😱体気をつけてくださいねー！🙇‍♀️仕事帰ったら見ます❤️
ham,@hamaitachi みてますー！ 濱家さんの出番もたのしみに待ってます🥰
ham,@hamaitachi 見てます~👶🏻💗 楽しみです🥳‼️
ham,@hamaitachi 録画してきました✨
ham,@hamaitachi 濱家さん！位置情報出てますよ！
spam,@hamaitachi どこにいるかバレちゃってる…
ham,@hamaitachi 濱家さん位置情報消しときましょう〜〜 今山内さんしか出てないけど濱家さんも出るのかな？楽しみ！
ham,@hamaitachi 位置情報消した方がいいと思います、、！！
ham,@hamaitachi え、位置情報だいじょぶか？？
spam,@hamaitachi なんか位置情報出てるけど大丈夫？
ham,@hamaitachi 今後 伝説の豚バラと共演はされますか？🤣
ham,@hamaitachi 見ます！絶対見ます！
ham,@hamaitachi 位置情報消したがいいと思います！！
ham,@hamaitachi 見てます🤭💞
ham,@hamaitachi 見てます！
ham,@hamaitachi 「敬川饅頭」も「若草」サイコーです(^-^)ぜひ！
spam,@hamaitachi しっとる、
ham,@hamaitachi 食べてみたい✨島根の友人に聞いてみようっと😆
spam,@hamaitachi 饅頭よりもなぎちゃんに目がいく、かわよ♡
spam,@hamaitachi @_Nagisa_Shibuya このなぎちゅんかわいい。
ham,@hamaitachi @_Nagisa_Shibuya 安来節ですね
ham,@hamaitachi でかいバージョンとかあるんですね！地元だけど知らなかった笑
ham,@hamaitachi これ今島根のユニクロ行ったら貰えるお菓子？
spam,@hamaitachi 濱家さんのシュッと具合と 山内さんの丸っこさ具合、 両方いい感じに進化してる🤔
ham,@hamaitachi どじょうすくいまんじゅう、丸くて山内さんそっくりですね🙆‍♀️
spam,@hamaitachi 濱家さん尊い
spam,@hamaitachi 可愛すぎます 🔅
ham,@hamaitachi 濱家さん、めっちゃかわいい😍✨
ham,@hamaitachi 2枚目のはまさんの顔😘可愛い💕💕💕💕美味しそう😋
ham,@hamaitachi 去年友達にどじょうすくい饅頭いただきました😚💕 おいしくてぺろっと食べちゃいました😆
ham,@hamaitachi @_Nagisa_Shibuya 余談ですが 島根県には行った事が有りません
spam,@hamaitachi なぎさは可愛いよな➰😍
spam,@hamaitachi 顔が似すぎてどっちが本物か分からへん…
spam,@hamaitachi 1枚目の濱家さんかっこいい🥵
spam,@hamaitachi それな！
spam,@hamaitachi なぎちゃんもかわい〜〜！
ham,@hamaitachi @yusuke_19960120 これ、すきーーーー。かわいいし。このお菓子の社長さんもこんな感じの優しい人らしい。
ham,@hamaitachi 美味しいですよね🥰 私も島根行った時お土産に買いました！
ham,@hamaitachi 髪の毛サッパリしてこれまたかっこいいです😊
ham,@hamaitachi なんか普通にイケメンでわろた
ham,@hamaitachi 食べてみた〰い❤
ham,@hamaitachi 高校卒業後の進路はどじょうすくい饅頭にします
spam,@hamaitachi 山内まゆ毛でかくて草
ham,@hamaitachi 濱家さん可愛いです🥺💓💓💓どじょうすくい饅頭初めて知りました‼️
ham,@hamaitachi 山内さんの似顔絵かと思いました笑 なぎちゃんかわよい🤭💕
ham,@hamaitachi 観光大使狙い〜
ham,@hamaitachi 食べたい！！☀️
ham,@hamaitachi 濱家さん持ち方がYouTuberになってる笑  山内草
ham,@hamaitachi 最近、濱家さんがとたけけに見えます。 https://t.co/ysSJg8yvSP
spam,@hamaitachi 右の山内さん不意打ちに撮られてるw
ham,@hamaitachi 美味しそう😋😋
ham,@hamaitachi 🙆🏼‍♀️✨
ham,@hamaitachi 山内さんを象った饅頭ですか？ 新喜劇の烏川さんですか？😄
spam,@hamaitachi おくちかわいい
spam,@hamaitachi やっぱ濱くん可愛いわ 🙃
ham,@hamaitachi 美味しそうですねー！💞 取り寄せてみまーす✨
ham,@hamaitachi 濱家さん顔めっちゃ痩せた…………
spam,@hamaitachi 濱家さん、めっちゃシュッとしてますね！  山内さんは眉毛太いですね。笑
ham,@hamaitachi 写真の中で謝罪会見を開いて欲しい方がいます。
ham,@hamaitachi 食べたことあります！
ham,@hamaitachi 濱家さん可愛いです♡(˃͈ દ ˂͈ ༶ )
ham,@hamaitachi 友達にもらったことあります〜😻 手に持たれてるやつそっくりですね！笑
ham,@hamaitachi 見た目もかわいいお菓子ですね！おいしそうです！
ham,@hamaitachi 濱家さん可愛すぎます🤣
ham,@hamaitachi かわいいし美味しそうです🤭💖 島根行ったら絶対食べます~!!
ham,@hamaitachi おもろかったー！
ham,@hamaitachi 観ましたよ‼すぐにわかってらしたんですよね‼尊敬します✨
spam,@hamaitachi ふふふ。濱家予報士さんの勘のいい優秀な脳を今後もっと信じてもらいたいですー◎
ham,@hamaitachi お陰でくりーむさんの番組呼ばれるの必至ですね！！
ham,@hamaitachi 余談ですが、明日の金曜ロードショーは、【バックトゥーザフューチャー】ですよ‼️ しかも３週連続やるそうですよ⤴️⤴️ 余談でした🙇‍♂️🙇‍♂️🙇‍♂️
Hm,@hamaitachi 濱家さんの毛が全身を守ってくれます！
"ham ",@hamaitachi これはすごすぎておもしろかった😂😂
ham,@hamaitachi これが山内さんが前に言ってた、濱家さんの未来予知能力......！？と驚きました！😳素晴らしかったです👼🏻🌟
ham,@hamaitachi 濱くんかわいいなー あざといなー
spam,@hamaitachi 勘よすぎです！ww 有田さんの番組出るの待ってますね！！！
ham,@hamaitachi まさにミラクルな濱家さんの勘、素晴らしかったです！ ちょうど気象予報士の勉強を昨日から始めた所だったので、ますます頑張ろうと思いました！ https://t.co/1UsurhwbIx
ham,@hamaitachi 観ましたー✨すごかったです(*⁰▿⁰*)
ham,@hamaitachi 家族で「濱家さんのぴんとくるやつほんますごいなぁ」ってなってましたwww
ham,@hamaitachi ほんと頼りになりますね〜 天気予報士さん
ham,@hamaitachi 濱家さんさいこうでした！ 山内さんと一緒にまた呼ばれると良いですね！
ham,@hamaitachi こんばんは～ 今日の濱家さんホンマにミラクルでしたね👏
ham,@hamaitachi 濱家くんの洞察力、カッコ良かった〜✨✨✨
ham,@hamaitachi 次もまた呼ばれるといいですね😽
ham,@hamaitachi 一発で当てた濱家さん凄すぎです！ 家族で歓声が起きてました！笑笑
ham,@hamaitachi 一発目でピンときてたの凄かったです！！やっぱり何か見えるんですかね？🤔
ham,@hamaitachi 鋭いカン、もう素晴らしかったです！！！✧*｡(ˊᗜˋ*)✧*｡
ham,@hamaitachi あーめちゃ笑いました😂😂😂
ham,@hamaitachi 有田さんの番組に沢山出れますね。 楽しみです。
ham,@hamaitachi 今日チャンスの時間でマジックですよね！？
ham,@hamaitachi 感が凄すぎます😂めちゃめちゃ笑いましたwwくりぃむミラクル9毎回呼んでもらいましょ🙄🙄
ham,@hamaitachi “キャプテーーン‼︎”って叫んだ甲斐ありましたね🤣 濱家さんの直感めっちゃ凄いです！！ 1番の楽しみは脱力タイムズ…!
ham,@hamaitachi 凄い直感でしたね✨ 気象予報士さん、ほんと頼りになります‼️
ham,@hamaitachi 脱力でてほしいです、、 めちゃくちゃツッコミ入れてほしいです、、
spam,@hamaitachi バインバイン♪
ham,@hamaitachi さすがのっぽ👏👏👏
ham,@hamaitachi 濱くんすごい！叫んでしまったわ #かまいたち #濱家隆一  #ミラクル9 https://t.co/dgltyITgUo
ham,@hamaitachi 流石です🌷🌷
ham,@hamaitachi 直感凄いです！！ めちゃ笑わせていただきました😂
spam,@hamaitachi 最後まで信用されなかった濱家さん笑 山内さんだったら「濱家がそう言うならこれだわ」ってすぐ信じたのに笑
ham,@hamaitachi さすがですね❣️クイズの答えをそのまま使ったツイート❤️✨
ham,@hamaitachi めっちゃナイスでした〜！！あの一瞬でうちの家族がみんな濱家さんのこと見直してました！！
ham,@hamaitachi 濱家さんの第六感的なやつなのでは？？と思って見てたら本当に当てちゃいましたね！！ これから有田さんの番組も全部チェックします౾✍
ham,@hamaitachi 最近クイズ番組で大活躍ですね😃 有田さんの全番組出演おめでとございます😆
ham,@hamaitachi 本当にびっくりしました〜！凄かったです笑 頼りになりますね〜😂
ham,@hamaitachi すでに梅雨入りしましたしねじめじめで寝苦しくなりそうです😵
ham,@hamaitachi ほんとに凄かったです！！💞
ham,@hamaitachi クイズ神ってました✨
ham,@hamaitachi あれほんとすごすぎました😂😂😂 脱力タイムズとか呼ばれるんですかね？😊
ham,@hamaitachi 天気予報士さん可愛いです✨
ham,@hamaitachi 濱家さんの感ってさすが過ぎます🥰
ham,@hamaitachi 観てました！濱家さんの直感も頼りになりますね😊
ham,@hamaitachi 濱家さん、すごかったです‼️
ham,@hamaitachi めっちゃ天才やったよなww
ham,@hamaitachi 濱家さんの第六感が発揮されましたね👏✨
spam,@hamaitachi そう言いながら天気予報士が予報を外したら謝罪を求めるのですか？謝罪をすべきなのは誰かという点についてお互い検討したいです。
ham,@hamaitachi まじで笑いました😂😂
ham,@hamaitachi 天気予報士さん素晴らしいですね👏🏻 有田さんの全番組にでれるの良かったですね🥳🥳
ham,@hamaitachi 濱家さん凄かったです！👏🏻
ham,@hamaitachi さすがでした！！まさかと思ってたのでめっちゃ笑いました！
ham,@hamaitachi するどかったですね。
ham,@hamaitachi めっちゃ喜んでるじゃん 笑 かわい……( ˶˙ - ˙˵ )
ham,@hamaitachi 🙆🏼‍♀️✨
ham,@hamaitachi 濱家さんすごかったですね！⭐️
ham,@hamaitachi すごすぎ濱家さん🙆‍♀️💕
ham,@hamaitachi あーーーー見逃した😅😅🤭
ham,@hamaitachi 頼りになるー！🤣✨✨
spam,@hamaitachi 絶対無いと思ってんけどwwwww
spam,@hamaitachi 気象予報士やで
ham,@hamaitachi すごかったですね！！笑
ham,@hamaitachi 見ました！！！好きです本当に😭😭😭
ham,@hamaitachi 楽しかったです😄 お互いが いい相棒〜って感じがステキです👏😁
ham,@hamaitachi あっ！🙇‍♂️🙇‍♂️🙇‍♂️←めっちゃ使いがち😂 明日観まーす！楽しみー！
ham,@hamaitachi ますますかまいたちさんが大好きになりました🥰🥰🥰
ham,@hamaitachi 愛を感じました・・・🥰🥰🥰
ham,@hamaitachi 見ました🙆🏻‍♀️🙆🏻‍♀️ 続きも楽しみにしてます❤️
ham,@hamaitachi ファン得な企画で、嬉しいです！エピソードも聞けるし、面白い！努力の称え合い✨
ham,@hamaitachi 見ました〜！面白すぎました！
ham,@hamaitachi 見る👀 仕事始まったから、なかなか見る時間がないけど頑張る👀
ham,@hamaitachi 努力家なのは？でお互いの名前を言うのが最高でした✨
ham,@hamaitachi 見ました！ お二人、相思相愛ですね！w 応援してます！
ham,@hamaitachi 可愛いのはどっち？が面白すぎました〜🤣🤣🤣 お仕事疲れが吹っ飛びました☺️ ありがとうございます✨✨✨
ham,@hamaitachi 学校終わりの幸せはかまいたちの動画オンリー‼️🤘
ham,@hamaitachi 見ましたいつも面白いですありがとうございます🙇‍♀️🙇‍♀️🙇‍♀️🙇‍♀️
ham,@hamaitachi 見まっせぇ〜🙇🏻‍♂️🙇🏻‍♂️🙇🏻‍♂️
ham,@hamaitachi ミラクル9見てから見ます😁
ham,@hamaitachi 面白かったです〜🎶！
ham,@hamaitachi 面白すぎました❣️
ham,@hamaitachi 良かったでっせぇ✌🏻✌🏻 せぇ〜✌🏻✌🏻✌🏻
ham,@hamaitachi 30分って初めてですかね！？ 今日はないと思っていたので びっくりしましたー 楽しかったです😆続きたのしみにしてます
ham,@hamaitachi 見ました~🐹💖 次も楽しみです🥳💗
ham,@hamaitachi みました！😂 次回も楽しみです！
spam,@hamaitachi かまいたち　らしさが溢れ出しておりました この動画も、もちろん布教させていただきます✋🏻
ham,@hamaitachi 待ってましたー！！ 見ますー😆✨
ham,@hamaitachi 進化していく丸顔イジリめっちゃ好きですwwwwwマルシストおもろすぎました😂
ham,@hamaitachi 見ました❕🎶 面白かったしお題にまつわる話も聞けて最高でした( ^_^)/~~~
ham,@hamaitachi ぇ〜🙇🏼‍♀️🙇🏼‍♀️🙇🏼‍♀️🙇🏼‍♀️  おうちに着いたばかりなのでのちほどかならず♡
ham,@hamaitachi 楽しかったですーーーーー！
ham,@hamaitachi 最高の企画です‼️仲良くて喧嘩しだすかまいたち最高です‼️ありがとうございます‼️
spam,@hamaitachi それな！
ham,@hamaitachi はーい🙋💓 見まーす◝(⑅•ᴗ•⑅)◜..°♡
ham,@hamaitachi みました~！！ 今回も最高に面白かったです😸🙌🏻
ham,@hamaitachi もう最高でした😂後半もたのしみでっす！！
ham,@hamaitachi 次回も楽しみです！！☺️🥰
ham,@hamaitachi 続き楽しみにしてます😋
spam,@hamaitachi はい。観ます🥰  くりぃむクイズミラクル9  20:00~20:54 [テレ朝系] 観ますね🤩
ham,@hamaitachi みました！可愛かったです😂💖
spam,@hamaitachi へい
ham,@hamaitachi 見ましたー！面白かったです！
ham,@hamaitachi 待ってました🙇‍♂️ 見ますぅ🙇‍♂️🙇‍♂️ すぅ〜🙇‍♂️🙇‍♂️🙇‍♂️
ham,@hamaitachi どっちも彼女にふられて泣いてましたね笑笑
ham,@hamaitachi 見ました🙌めちゃくちゃ面白かったです🤣🤣
ham,@hamaitachi 見ましたー！ 面白かったです☺️
ham,@hamaitachi はやくみたい！！
ham,@hamaitachi いいよ
ham,@hamaitachi モコレットって言いました！！ 全力でお力添えさせていただきます！！
ham,@hamaitachi お力添え💪🔥🔥🔥
ham,@hamaitachi ご武運を…(笑)。
ham,@hamaitachi 面白すぎる笑笑
ham,@hamaitachi お力添え〜
spam,@hamaitachi あれ？いつも3つ使ってるのに今回1つじゃん! 濱家さんは3つ使わないと！笑😂😂😂
ham,@hamaitachi お力添えする一択ですよ✊‼️
ham,@hamaitachi みんなのお力添えで フォロワー30万人になってますね㊗️おめでとございます🎉
ham,@hamaitachi 芸人の「するなよ」は「しろ」だと言うことを風の噂で聞いたことがあります。 これからも公式さんのお力になれるよう精進します🙆🏻‍♂️🙆🏻‍♂️🙆🏻‍♂️
ham,@hamaitachi お力添えすんのかせんのかい
ham,@hamaitachi バスタオルの件、記事になってますよ〜笑笑 https://t.co/gK6nBbAsyB
ham,@hamaitachi 濱家大好きだよ！いいね！痛風！
ham,@hamaitachi ヤッターメンだといいですね🥰🥰🥰
spam,@hamaitachi これからもこの方向性で🙂🙂🙂
spam,@hamaitachi 🤮🤮🤮
ham,@hamaitachi 丁寧なフリありがとうございます☺︎
ham,@hamaitachi 強がらなくていいです♡  いつでもお力添えしまーす😛😛😛
ham,@hamaitachi いつでもお力添えさせて頂きます❕❕
ham,@hamaitachi 吐いちゃったぁ🤢🤮
ham,@hamaitachi こんばんは～ お力添えするのも悪くないだろうw
ham,@hamaitachi 濱家さん。強がんなって~！
ham,@hamaitachi かまいガチもかまいったーも  ファンよりスタッフさんの方が 癖強です😜😜
ham,@hamaitachi シャウエッセン？
ham,@hamaitachi 全力でお力添えさせてもらいます𓂃𓂂🍃
ham,@hamaitachi かまいたちさん関連なら私達は手となり足となり動きますよ😌👍
ham,@hamaitachi すんません魚卵 お願いしてしまいました💦笑
ham,@hamaitachi これからもお力添えさせて頂きまぁーす！🙆🏻‍♀️🙆🏻‍♀️🙆🏻‍♀️
ham,@hamaitachi LINENEWSにタオルのツイートについての記事があった
ham,@hamaitachi どんぐり添えさせて頂きました！
ham,@hamaitachi 全力でお力添えさせていただきます✋🏻👧🏻➰
spam,@hamaitachi かまいガチのスタッフさんってどういう性格なのかすごい気になります😊からみ具合が独特。。。結果的に視聴者増えてそうだからオールオッケなのでしょーか😝
ham,@hamaitachi 😂😂😂
ham,@hamaitachi しっかり反応するあたり好きですw
ham,@hamaitachi しっかりお力添えさせていただきました◎
ham,@hamaitachi すなはせえですね‼️ 了解しました🙆🙆🙆
ham,@hamaitachi お力添えします💓 フリありがとうございますm(_ _)m
ham,@hamaitachi 公式さんおもしろすぎますね😂笑
ham,@hamaitachi あ、濱家さんだ。
ham,@hamaitachi 全身全霊でお力添えさせていただきます🙇‍♂️🙇‍♂️🙇‍♂️
ham,@hamaitachi かまいったーTV もそうですけどかまいガチさんも公式さんに面白い人いますね〜🥳楽しい！笑
ham,@hamaitachi よりよい番組になりますように🥺
ham,@hamaitachi お力添えしなくてもいいんですか？w すいません🙇‍♂️🙇‍♂️お力添えさしてください🔥🔥
ham,@hamaitachi そろそろ謝罪が必要なタイミングと考えています。
ham,@hamaitachi 全力で協力します😇
ham,@hamaitachi お力添えしない方がいいんですか？🤣🤣
spam,@hamaitachi ︎︎︎︎✌︎
ham,@hamaitachi フリですか？
ham,@hamaitachi 見ました！😁🙌🏻
ham,@hamaitachi 見ましたよー 濱家さんめちゃ楽しそうでしたね😆
ham,@hamaitachi 次は違和漢字全問正解で^^
ham,@hamaitachi 大喜利大会な感じの雰囲気が面白い🤣🤣🤣 濱家さんの漢字のクイズの時の真剣な表情も好きです😊
ham,@hamaitachi チームワークを感じます　笑
ham,@hamaitachi めっちゃ面白かった😆😆😆
ham,@hamaitachi 正解してイェイイェイってしてる濱家さん見てまじ楽しそうだなって思いました
ham,@hamaitachi コレ見てたら、大喜利って言うのがわかった笑
spam,@hamaitachi 今度からツイートでも告知してください。見逃して、ぴえん通り越してぱおんです。
ham,@hamaitachi 濱くんがたくさん活躍しててとてもよかった〜〜🥳🥳
ham,@hamaitachi 参加してる人が楽しそうだから、こちらも楽しくなります🎵
ham,@hamaitachi めっちゃおもしろかったけど、なんでかまいたちだけコンビ出演じゃなかったんですか？
spam,@hamaitachi 久しぶりに面白いクイズ番組です。山内さんがいないのは寂しい。
ham,@hamaitachi ガチで楽しんだり頑張ったりしてる濱家さん見てるのが、1番楽しいです☺ 次回以降もたくさん出演してくれますようにー！！！！
ham,@hamaitachi あーゆーの好きなんね！ 濱家さん、正解したときの喜び方が小学生みたいで可愛かったですよ☺️
ham,@hamaitachi まじでおもろいです。。🥰👀
ham,@hamaitachi 楽しかったですっっ✌🏻✌🏻
ham,@hamaitachi 楽しそうですもんね〜！☺️
ham,@hamaitachi 山内さんがいないのはおむすびリレーを回さなかったからですか？
ham,@hamaitachi 濱家さんがあんなけ活躍してるのがほんまにおもろいです😂😂😂
ham,@hamaitachi 私も好きな番組の1つです〜〜〜 バンバン活躍してください🤩
ham,@hamaitachi 濱家さん、いつ見ても楽しそうにしてます☺️
ham,@hamaitachi 面白いですよね*\(^o^)/* 楽しみにしている番組のひとつです(*^^*)
spam,@hamaitachi 正解得点がノブさんしだいなのが 山城新伍さんアイアイゲーム彷彿です。
ham,@hamaitachi 活躍されてましたね
ham,@hamaitachi 楽しんでるの伝わります😂
spam,@hamaitachi 山内さんはなぜ出てないのだろうか、、
ham,@hamaitachi 玲奈ちゃんとかすごい豪華だった。
ham,@hamaitachi 濱家さんが、おもしろいんです😀
ham,@hamaitachi 長谷川博己ばりにかっこよかったですー◎ 今後も定着したクイズ王としての活躍期待してますー+
spam,@hamaitachi 漢字すごい🤩知的な面と、 大喜利的な面白さで、 さすが濱家さん。面白かったです。
ham,@hamaitachi めっちゃ面白かったです😏
ham,@hamaitachi めちゃおもしろい！問題も普通に真剣に考えながら見ちゃうw
ham,@hamaitachi レギュラー狙って媚びてんなー。 いいぞー10点！
ham,@hamaitachi まじでおもしろいです！クイズ番組感はないですが本当にめちゃめちゃ笑います笑　みんなが自由にボケまくっててノブさんが手に負えない感じ最高です！あとデビ夫人も自由すぎてめちゃめちゃ笑います！
ham,@hamaitachi 今回もめちゃくちゃ面白かったです！ テレビの前でやっててもかなり盛り上がるので、実際にやってる方はもっと楽しいんだろうな～と思って見てます😂
ham,@hamaitachi いやほんとに、イキイキしてる濱家さんとっても楽しそう🙆🏻‍♂️見てるこちらも楽しませてもらってます。 漢字、全問正解期待してますね！！！！
ham,@hamaitachi もっと漢字カンペキにして下さい
ham,@hamaitachi めちゃめちゃおもろいです！！！ お笑い大喜利バラエティ番ぐ、、 💦💦💦 違和感クイズ‼︎‼︎
spam,@hamaitachi ママー
ham,@hamaitachi 大好きな番組です！ 毎回濱家さんの活躍が楽しみです😂
ham,@hamaitachi 長谷川さんの顔マネ大好き
ham,@hamaitachi 今見終わりました〜！ やっぱ感じは得意分野ですね😂😂
ham,@hamaitachi ほんとに面白い❗️そして皆さんがめちゃめちゃ楽しそう😂あ〜〜〜思い出しても笑える🤣🤣🤣👍✨
ham,@hamaitachi 僕も途中から観てました！面白かったです。
ham,@hamaitachi クイズthe違和感というより、大喜利the違和感ですけどね。毎回爆笑の嵐です。
ham,@hamaitachi 濱家さんの活躍めっちゃ嬉しいです🤍🤦‍♀️
ham,@hamaitachi めっちゃ面白かったですww
ham,@hamaitachi ガチ解答間違えたあと 大悟さんに呼び出されましたか？笑
ham,@hamaitachi クイズ番組好きじゃないけどこれは面白いです！
ham,@hamaitachi めっちゃおもろいです🤣絶妙なゆるゆるで大好きな番組✨見てる方も楽しいです〜！
ham,@hamaitachi 見ててもとっても楽しいです😊💓
ham,@hamaitachi 漢字すげーっす！！
spam,@hamaitachi 一人暮らしなので一人で見るクイズ番組ほどつまんないものはないと思ってる人なんですが、クイズ違和感はクイズ番組しすぎてなくて好きですwwwww
ham,@hamaitachi めっちゃ面白いです笑笑 なんか新しい😂
ham,@hamaitachi 5年以内にノブさんの位置を濱家さんがやれるように頑張って👍
ham,@hamaitachi 違和感まじでおもろすぎます😂
ham,@hamaitachi 普通のクイズ番組とは違ってて面白いです！ 濱家さんが生き生きしてて良いですねー。
ham,@hamaitachi 芸人は大喜利、タレントは本気で答える 完璧な流れでした。
ham,@hamaitachi 面白かったです☺️ 次は漢字全問正解期待してます✋
ham,@hamaitachi 芸人がスロットに詳しいのとデヴィ夫人が面白かったです
ham,@hamaitachi こちらもいろんな表情の濱家さんが見られてすごく楽しいです🥰
ham,@hamaitachi ですね！！ 私は今かま天マーケット見てます！
ham,@hamaitachi 見逃した
ham,@hamaitachi メッチャ面白いです！クイズ番組(？)であんなに声出して笑いながら見てるの多分初めてです😂
ham,@hamaitachi 今録画見てます 👀
ham,@hamaitachi めっちゃ面白かったです!!!! ずっと濱家さん応援してましたw もし次あったら優勝してくださいね🥰🥰
ham,@hamaitachi 見たよー😷😷😷
spam,@hamaitachi 濱家さん、山内さんいなくても生き生きしてるのはクイズ違和感だけ笑
ham,@hamaitachi だいすきです😃♥️❕❕
ham,@hamaitachi 見ましたよー🙌 めっちゃ面白かったです😆
ham,@hamaitachi 濱家さんのおっしゃるとおり、大喜利大会で面白いです！笑
spam,@hamaitachi わかりみが深い
ham,@hamaitachi まじでおもろいです😂😂😂
ham,@ikichatta_movie @Oshima__Yuko 愛という名のもとに🍏🐿
ham,@ikichatta_movie @Oshima__Yuko So beautiful
spam,@ikichatta_movie @Oshima__Yuko 失礼します。 俺は俳優の大島優子さんしか 知らない者ですが、どの作品も貴女に目が吸い寄せられます。 役が役に見えなくなる人、作品の中に溶け込んでしまう俳優だと思います。… https://t.co/prnhxC0BHL
spam,@ikichatta_movie @Oshima__Yuko https://t.co/tFc144q09l まさにこれに。中途半端が一番の悪だよ。あっちはダメで、あっちはスルーとか、差別してる側の人間と同等。
spam,えーここのリプ欄全部うざ じゃあ自分たちはどこで情報とってるの ちゃんと専門家会議の発表読んだりしてんの
spam,初心者アピールうざ。これ以上やるとたぶんまたアカウントBANされると思われる
spam,ひろゆきは、上念司に負け、ジムに2chを取られ、借金して買った4ch(英語圏版2ch)の建て直しにも苦労している余裕ぶっこいとるけど、ぶっちゃけひろゆきって負け犬だと俺は思う
spam,ホリエモン、死ねば良いのに
spam,他の人でも舐めないよ。 自分、現代人っぽいでしょアピールうざい
spam,おまえはすぐにしね
spam,一生テレビに出てくんな。お前が川谷の人生を悪い方に変えたんだよ。お前さえいなければ川谷も川谷の奥さんもこんな目に遭わなくて済んだんだぞ。芸能界はベッキー擁護クソヤローばっかだからって調子乗んなよ。マジでふざけんな。謝る相手が違うんだよ。しねしねしね。。
spam,品川さんのキッチンでごちゃごちゃ嫉妬心がうざい。捨てられろ。w
spam,お前うざい嫁さん可愛そうよく耐えてるお前うざい
spam,いやマジで死ねカス。自分がされて嫌なことはしない、言わない。小さい時いわかなかった？言われてないならてめーの親が問題のバカ親だな。言われてテレビであーやって嘘で武樽の事悪く言って子供がいるいい年した親が言うセリフかよ。あっおめーがまだ精神年齢低いバカだからか
spam,ロンハー見たけどお前ほんと死んでくんね？俺も格闘技やってるけどみんなヤンキーだの性欲だのたかがお前みてーな器の小せークズが適当なこと言ってるとまじでいつかやられるぞ。てめーは散々浮気しといて自分のことは棚に上げんのか？あ？クズ人間さんよぉ。まじ死ねカス
spam,お前自分が不倫してたのに何言ってんの死ね
spam,盗難であるなら酷い話です。人の物盗める精神の持ち主は人間としてクズ。死ねばいいのに♪
spam,お前が言うと気持ち悪い。あいちゃんが浮気してるからって血迷うな。
spam,改めてロンハー見たらまじで糞ですね。嫁さん浮気しちまえ
spam,うざい
spam,うざいわぁー…意味不明…相方かわいそう。結局、自分の事しか考えてないから、平気で嘘くんだな不倫も反社がらみもそう…全く需要ない
spam,お前、うざい
spam,うざい
spam,わざわざ、アピール・・・うざい
spam,亮はわかった。しかしお前は相変わらず往生際悪いし、演技うざい。
spam,うざいから早よきえーや！！
spam,宮迫うざい❗
spam,宮迫喋るな！！うざい
spam,一回死ね！　このボケ迫！
spam,ガンが再発して死ねばいいのに⁉️家族に保険金が入って、奥さん、子供がよろこぶわ⁉️
spam,不倫下衆野郎のクズ宮迫が、ガンが再発して死ねばいいのに⁉️オリラジのあっちゃんをベッキーの件で批判して、自分は不倫していたとはなあ〜。笑そらあ、不倫仲間のベッキーを援護するわなあ〜。笑笑笑笑笑笑笑笑笑笑笑笑笑笑笑笑
spam,貴方と、話が、出来ません❗男なら、女の、為に二度死ね❗分かる⁉か⁉この❗気持ち、アモン❗です👋ニャリ😾
spam,キモい
spam,自分に酔ってるねー！ナルシスト笑笑！キモい！
spam,キモい
spam,キモいハッシュタグ連発されてるけど何なんだ？引退会見早くしろよ。蛍ちゃんが可哀想。
spam,キモい
spam,普通の顔でもキモいから、その顔止めてくれ！ゲロ出そう。
spam,ただただキモい
spam,打ち合わせ風景で『タバコ』吸いながら、、ばりキモいな。タバコ吸うなや、臭い。
spam,こび売るから芸人から嫌われるねん！最近なんかキモい！
spam,キモいから、止めてくれ！
spam,クロちゃん位キモい
spam,キモい消えろ
spam,情っけねー。全部キモい。
spam,嘘つきの塊。キモい。最低人間。
spam,お前よく平気でTV出れるな。マジでキモい。はよ消えろ。
spam,キモい❗お前真面目に、キモい❗
spam,おまえが帰れ！しゃべんなクソサコ！まじキモい。こいつ全然笑えん。みや雑魚w
spam,お前キモい
spam,お笑い芸人でMCもやってて女にホテルでセックス拒否られるって相当キモい。ワキガか歯槽膿漏か水虫だべな。
spam,ベッキーの不倫の時あんなにバカにしてたのに自分の時はツラっとこいてんのキモい。男として情けないやつ。
spam,宮迫キモいな、24時間テレビ何で出てんの？
spam,まじでキモいからやめたほういいよ
spam,表情が、なんかキモい。
spam,いゃ～  本気でキモい
spam,いや この写真はキモいわ 煽りのふみお なみにキモいから
spam,お笑いの事わかってますアピールが心底キモいテメーにゃ笑いは取れねーんだからよ映画でも撮ってアホみたいに満足しとけ
spam,写真キモい(笑)ちゃくちてんがわからない
spam,死ね
spam,劇団気持ち悪い死ね
spam,は？世襲なんて関係ないし、 いいともでお前が「死ね」って言った事、一生忘れないからな。お前が死ぬまでズットだ。世間なんて関係ない「死ね」。
spam,頬から顎までの角度うざw
spam,うざ
spam,真面目アピールうざ
spam,うざ
spam,きも。うざ。バカ？(笑)
spam,ぶつぶつキモい消えろ
spam,口悪いぞブツブツが‼お前いちいちキモい(*｀へ´*)
spam,小杉キモい吉田もキモいブラマヨキモい
spam,お前も死ね
spam,お前のツイート、なんかうざいからファロー外すわ
spam,うざい❗
spam,ブスが何言ってんだ！
spam,超ブス芸人！！
spam,よう！くそブス！
spam,狩野、めっちゃブス
spam,ラーメンつけ麺狩野ブスメン
spam,つまらんしキモい
spam,キモい
spam,狩野がまったくウケないので、気持ち悪い。近年まれにキモい。
spam,また性感か。　キモいイキ顔してんだろな。
spam,かのキモい。
spam,えー、この発言はキモいー。狩野さん好きだったのにドン引きー(笑)
spam,ランナーに暴言吐いて炎上させて、タイミング良く商売に繋げる。さすがの手腕！恐れ入ります。
spam,何かを叩きたい気持ちは分かるけどスポーツ選手のように自宅でこんなトレーニングが出来ますいっしょにやって頑張りましょうとかの発信をしないとあなたは暴言を吐く飲食店経営者兼嫌なイメージの芸能人仕事がさらに無くなりますよ…
spam,アホランナーとは暴言すぎる。アホ芸人にアホと言われたらショック🤯
spam,この人、看板掲げて暴言ツイートが多いですね。アホなんでしょうか。この人、看板掲げて暴言ツイートが多いですね。アホなんでしょうか。クレームいれましょうか？
spam,死ね死ね死ね
spam,アホアホアホアホアホアホアホアホバーカ死ねークソアホ死ねー
spam,＿あんた，スゲェむかつくんだよ！テレビには，出るな高速道路で，事故って死ね！！チャンネル変えよっ．．（怒）
spam,にわかｵﾘﾊｧﾝたむけんﾆｷｵｯｽｵｯｽ お前みたいなビジネスﾊｧﾝは死ね
spam,お前はアホか！ガラガラ店=テイクアウトやろ！やってもかまへんけど世論的にテイクアウトにしとんのやないけ！んなことも分からんのやったら好きに行って感染して好きに死ねや！
spam,爆弾のナダルが一番うざい
spam,死ね‼︎ポンコツ‼︎
spam,やっぱキモいw
spam,キモい
spam,テレビ出んなやキモい
spam,キモい
spam,お前の顔キモいタイ人帰れ
spam,うざい黙れ
spam,うざい
spam,うざい
spam,クロちゃん潰すラップ黙れ黙れクロちゃん鬼滅の刃謝れ黙れ黙れクロちゃん鬼滅の刃謝れおまえだってうざい死んでまくれ‼︎黙れ黙れクロちゃん鬼滅の刃謝れ黙れ黙れクロちゃん鬼滅の刃謝れおまえだってうざい死んでまくれクロちゃん下手ラップやめろ
spam,毛がうざい
spam,ホントにうざい‼️
spam,めっちゃうざい
spam,うざい 草
spam,おめえは正直うざい🤣キチガイクソハゲうざい🤣
spam,うざい髭達磨
spam,うざい！黙れ！
spam,シンプルにうざい屑。
spam,アヒル口うざい
spam,うるさい なんなの？ うざい
spam,本当にうざい
spam,頭のテカリうざい
spam,うざいバカじゃね〜の？臭い気持ちわるいオェェ〜〜
spam,不潔ダルマ、マジうざい
spam,お前が元気イコール食ってないな食べ物で遊びやがって死ねばいい
spam,早くキモイから死ね
spam,死ねゴミ
spam,死ねよ
spam,死ねや‼️ブス
spam,死ね
spam,死ね死ね死ね死ね死ね死ね死ね死ね死ね死ね死ね死ね死ね死ね死ね死ね死ね死ね死ね死ね死ね死ね死ね死ね死ね死ね死ね死ね死ね死ね死ね死ね死ね死ね死ね死ね死ね死ね死ね死ね死ね死ね死ね死ね死ね死ね死ね死ね死ね死ね死ね死ね死ね死ね死ね死ね死ね死ね死ね死ね死ね死ね死ね死ね死ね死ね死ね死ね死ね死ね
spam,死ねばいいのに
spam,お前は溺れて死ね❗👎
spam,嫌い、ウザイ、キモい、死ね、消えろ、引退しろ、
spam,とりあえず、1回死ねよ。
spam,キモいブス死ね
spam,ハゲ死ね！
spam,死ねーーーーーーーーーー
spam,1日後に死ね
spam,死んで詫びてください今すぐ君が死ねば世界は救われる早く消えてください
spam,死ね消えろ
spam,とりあえず死ね
spam,早く死ねきめえ
spam,だから死ねって
spam,だまれまじ死ね
spam,死ね💢！！、朝から気持ち悪いの見せるな💢！！。
spam,糞が死ね
spam,メロンが可哀想だから死ね死ね死ね死ね死ね死ね死ね死ね死ね死ね死ね死ね死ね死ね死ね死ね死ね死ね死ね死ね死ね死ね死ね死ね死ね死ね死ね死ね死ね死ね死ね死ね死ね死ね死ね死ね死ね死ね死ね死ね死ね死ね死ね死ね死ね死ね死ね死ね死ね死ね死ね死ね死ね死ね死ね死ね死ね死ね死ね死ね死ね死ね死ね死ね死ね
spam,死ね💢！！。
spam,無理、孤独に死ね。
spam,おまえは、死ね汚い
spam,起きるな死ね
spam,うるさい死ね
spam,ガチ気持ち悪い男、死ね💢！！。
spam,溺れて死ねば
spam,死ねばいいのに
spam,沈んで死ねよ
spam,一々ウザイ死ね
spam,マジで死ね
spam,アイドルの女の子達に片っ端に声かけての犯罪者クロちゃん逮捕だぁ～‼️クロちゃん相手にするアイドルなんて居ないんだよ‼️コロナ感染になって死ね‼️ボケなす野郎‼️
spam,クロカワ早よ死ね‼️
spam,そのまま窒息して死ね
spam,死ね笑笑笑笑笑笑
spam,とりあえず死ねよ。
spam,死ねよ
spam,ダンボール食べて死ねクロちゃん
spam,間違えてふぁぼっちまった、死ね
spam,死ね
spam,死ね？
spam,本当お前何才児ね？まじで死ねばいいのに！
spam,菊池さんへの返信ムカつくわ😡死ねばいいのに
spam,死ねアホ
spam,腐ってるプーン風呂スイカ死ねば〜
spam,早よ死ねよ
spam,死ねくろかわら
spam,酒呑んでトレーニングwそのまま死ね！！
spam,ゴリラに食われて死ね(笑)
spam,🤢🤢🤢🤢🤢🤢🤢🤢🤢🤮🤮🤮🤮🤮🤮🤮キモすぎ💩死ね🤑
spam,まじヤバイ病気で死ね。
spam,最低なクソ息子。その歳で貰ったとか平気でツイートして恥ずかしくないのか？死ねば！
spam,溺れて死ね😡😡😡😡😡😡😡
spam,緑のたぬき隠せてねーぞ米は隠せれるのになんでやねん死ねハゲ
spam,死ね
spam,はよ死ね
spam,キモい、死ね！
spam,きっしょ。死ね。
spam,うるせえ死ね墓場で唾吐いてやるよ
spam,掃除してないやんもう嘘はいいから死ね
spam,死ね
spam,ほんまに死ね
spam,猫やるなゴミ栗原と黒川は、死ね
spam,死ねばいいのに
spam,死ねや‼️
spam,ならまず、お前が死ね‼️
spam,えーと、死ね
spam,そのまま、固まって死ねば良いのに
spam,きも、死ね。
spam,死ねデブ
spam,いい加減フォロー返せやブスしばくでまじで
spam,ブス黙れや
spam,何でそんなにブスなの？
spam,悪人面やなぁwえ！？デブスy
spam,ブスがアヒル口したら大ブスやないかい
spam,違うよねー！キモブス芸人だよねー！
spam,真ん中が特にブスですね
spam,はしゃぐブスは見苦しいな
spam,加工してもブスってw
spam,起きてくんな、ブスダルマ！！
spam,キモいブス死ね
spam,首が太すぎwデブスすぎwまさに豚w湯婆の店で風呂に入ってこいw
ham,@yamauchi0117 🤩🤩🤩
spam,@yamauchi0117 何か怖いです笑笑
ham,@yamauchi0117 元気が出ないときこの動画見て元気もらってます😍笑
spam,@yamauchi0117 あれ、指4本しかないです😨
ham,@yamauchi0117 この動画の山内さんの暴走が大好きです爆笑
spam,@yamauchi0117 どすこい無くなっちゃうんですか？
spam,@yamauchi0117 ヒューン！どすこい！がこの先もずっとNo. 1です👑
ham ,@yamauchi0117 頑張るぜ💪💪💪
spam,@yamauchi0117 このツイートはありません。ってなんかかわいそう😯
ham,@yamauchi0117 好きです
ham,@yamauchi0117 こんにちは～ 毎回が神回なので今回も楽しみにしてます！
ham,@yamauchi0117 今日はVS嵐からのかまいったーですね😆 どっちもめちゃめちゃ楽しみ！！
ham,@yamauchi0117 みまーす！ めちゃくちゃ楽しみです💞
ham,@yamauchi0117 このために学校頑張ってきました🤤
spam,@yamauchi0117 いえあ
spam,@yamauchi0117 @YouTube 帰った？
ham,@yamauchi0117 @YouTube サムネが可愛くなってて草😂
ham,@yamauchi0117 @YouTube サムネかわいすぎませんか！？😂💓
ham,@yamauchi0117 @YouTube 愛方になってんじゃんか 笑笑
ham,@yamauchi0117 @YouTube カップルチャンネルやん！好き❤
spam,@yamauchi0117 @YouTube 来週、相席食堂に出るじゃないっすかwww
ham,@yamauchi0117 @YouTube サムネめちゃくちゃ好きです💞 昨日だけで3回もみちゃいました！！
ham,@yamauchi0117 @YouTube なぜサムネが変わった！？！？
spam,@yamauchi0117 @YouTube ラブラブだよねかまいたちって
spam,@yamauchi0117 @YouTube 恋愛もの！？
ham,@yamauchi0117 @YouTube サムネかわいくなってる！😂💞
spam,@yamauchi0117 @YouTube サムネ変わってるーー♡
ham,@yamauchi0117 どじょうすくい饅頭とハイチュウがコラボしてました！ https://t.co/ixZkDpmVI9
ham,@yamauchi0117 島根のひとです！ 1年前くらいに、縁あって 山内さんのお父様にお会いしたとき、かまいたちのハンドタオルをいただきました。大事に使ってます🦐
ham,@yamauchi0117 島根のお土産の話題、ありがとうございますm(__)m
ham,@yamauchi0117 山内さんの表情😍可愛いいい😸
ham,@yamauchi0117 @kooron_ktv いえーーい！美味しそう😋 2人とも表情が素敵です✨
spam,@yamauchi0117 早くYouTube更新してくれませんか！！ 待ってます！ 饅頭も食べます！
ham,@yamauchi0117 いぇ〜い！ やりましたね(？)
spam,@yamauchi0117 猫内さんの部屋いつ投稿されるんですか！！
ham,@yamauchi0117 @YouTube 見ました！！面白かったです🥺🥺
ham,@yamauchi0117 面白いしほっこりできるとても素敵な企画だと思いました！✨
ham,@yamauchi0117 @YouTube 可愛いお顔有り難うございました🌷
spam,@yamauchi0117 @YouTube 山内さん落とし物です！ https://t.co/WAmwj11SpR
ham,@yamauchi0117 @YouTube あーもう面白すぎ！！🤣🤣🤣  幸せな時間ありがとうございます💛
ham,@yamauchi0117 @YouTube めっちゃ笑いました続きも楽しみです〜〜！
ham,"@yamauchi0117 @YouTube 山内さん早起きですね😳仕事帰ったら見ます🥰お互い仕事頑張りましょうね(^^)❤︎"""
ham,@yamauchi0117 この企画大好きです。 二人のエピソードトーク満載で、見ていて楽しいです。続きも楽しみです🎵
ham,@yamauchi0117 @YouTube 見ました〜！努力家でお互いの名前あげるところが好きでした！
spam,@yamauchi0117 @YouTube それって後半戦ですよね‼️
spam,@yamauchi0117 @YouTube おはようございます！ 今日誕生日やからチェックしときますね！←いつもしてます)
ham,@yamauchi0117 @YouTube 見ましたー！面白かったです
ham,@yamauchi0117 @YouTube 面白かったです！
ham,@yamauchi0117 @YouTube ますますかまいたちさんが大好きになりました( ⸝⸝⸝•_•⸝⸝⸝ )♡︎♡︎
spam,@yamauchi0117 @YouTube 喧嘩が面白かった！
ham,@yamauchi0117 @YouTube 見ました🙆🏻‍♀️🙆🏻‍♀️ マルシスト声出して笑いました🤣
ham,@yamauchi0117 @YouTube 見ました！バイト終わりに爆笑しました🤣🤣
spam,@yamauchi0117 @YouTube 見てきます！
ham,@yamauchi0117 @YouTube みましたーー！！ めちゃくちゃ面白かったです💞 もっともっとかまいたちさんを 好きになりました！！ 次回もめちゃくちゃ楽しみです💞
ham,@yamauchi0117 @YouTube 見ました！続きが楽しみ🤩
spam,@yamauchi0117 最後の喧嘩が面白かったですw
spam,@yamauchi0117 @YouTube 見ました🤓
spam,@yamauchi0117 @YouTube はい🎵🙆後から21時に観ます
spam,@yamauchi0117 @YouTube かわいいのはダントツで山内さんです！
ham,@yamauchi0117 @YouTube 爆笑しました😂
spam,@yamauchi0117 @YouTube 見ました。終われません詐欺w
ham,@yamauchi0117 @YouTube 見まーす😆✨
ham,@yamauchi0117 @YouTube おもろすぎて何回も見すぎて気づいたら1時間経ってました…🤣
spam,@yamauchi0117 @YouTube はーい٩(๑❛ᴗ❛๑)۶
ham,@yamauchi0117 見ました❕🎶 面白かったしお題にまつわる話も聞けて最高でした( ^_^)/~~~
ham,@yamauchi0117 @YouTube 可愛いのは〜のくだり爆笑しました😂😂
ham,@yamauchi0117 @YouTube 声出してわらってしまいました。マルシスト様🤣　続きが楽しみですっ
ham,@yamauchi0117 @YouTube 見ました😂面白かったです🤣🤣🤣 山内さんが天然なのは共感します🙌 可愛いです🥰
spam,@yamauchi0117 @YouTube みます❤︎❤︎
ham,@yamauchi0117 山内さんが島根出身ってのを 今日まで知らなかった… なんでどじょう掬い饅頭推しなんやろ？？ って山内さんのWikipedia見ちゃいました😅
ham,@yamauchi0117 島根に住んでます！島根の誇りです
spam,@yamauchi0117 知らなかったです。 ひょっとこみたい。
ham,@yamauchi0117 島根帰ったらお土産で必ずと言っていいほど買って帰ります🤗 どじょう掬い饅頭のファン結構多いですよ✨😋
ham,@yamauchi0117 初めて見ました😂
spam,@yamauchi0117 明日からのUNIQLO感謝祭でもらえるご当地銘菓の島根代表にどじょう掬い饅頭が選ばれてますねー😍😍 https://t.co/sti1CoEBxb
ham,@yamauchi0117 どじょう掬い饅頭知ってます！！東京で言うと東京バナナみたいなもんですよね〜！😳
spam,@yamauchi0117 一瞬、山内饅頭かとおもいました…眉毛そっくり…
ham,@yamauchi0117 初めて聞きました😳
ham,@yamauchi0117 私おばあちゃんの家が松江なんですよ！ どじょうすくいまんじゅう美味しいですよね✨
spam,@yamauchi0117 山内さんに激似！！
spam,@yamauchi0117 すごい。山内さんのひょっとこ饅頭！ （デカいな） これ売ってたらいいのに〜！！
spam,@yamauchi0117 なんか顔赤いですね！？
spam,@yamauchi0117 あざとい顔しますね〜コンビであざとい〜
ham,@yamauchi0117 広島県民ですが知ってます！中国地方では有名です(^^)大きいのもあるんですねー！
spam,@yamauchi0117 全部山内さんの顔かと思った
ham,@yamauchi0117 松江出身の東京住みです✌️島根アピールしてくれて嬉しいー😭✨山内さんバージョンなんて島根に貢献してるんですね👏
spam,@yamauchi0117 どっちが山内さん?
spam,@yamauchi0117 太くて短い眉かわいい😂💞
spam,@yamauchi0117 小指可愛い🤙👶🏻💓
ham,@yamauchi0117 岡山ですけど、昔からよく食べてます！ 美味しいですよねー！
spam,@yamauchi0117 知らない、、、、、、
spam,@yamauchi0117 鳥取の因幡の白兎の方が（も）美味しいですよ
spam,@yamauchi0117 山内さん、顔真っ赤ですけど、大丈夫ですか？
spam,@yamauchi0117 どせいさんみたい…
ham,@yamauchi0117 大阪出身のわたしも初めて聞きました😳 中はあんこ？白あん？？白あんなら食べてみたいです🥰💕
ham,@yamauchi0117 島根出身の母に教えてもらいました😊 つぎ帰省したときに買おうとおもいます😊
ham,@yamauchi0117 私は島根の宗味(日本酒)が好きです！
spam,@yamauchi0117 顔が天狗並に赤いですね👺笑
ham,@yamauchi0117 知らなかったです！！可愛いしめちゃくちゃ美味しそうですね
spam,@yamauchi0117 しってるー！インパクトも味も最高よね！
spam,@yamauchi0117 山内さんのどじょう掬い饅頭があったとわ！！ 島根県民なので知ってたかった…笑
ham,@yamauchi0117 初めて見ました！ 食べてみたいなぁ🤤
ham,@yamauchi0117 岡山にもそのどじょうすくいまんじゅうがたまにお土産とかでやってきます！日帰りで行ける距離じゃけんなぁ🤣美味しい！
spam,@yamauchi0117 なんかあつ森のカブ売りに来る人みたいな顔のお菓子ですね
ham,@yamauchi0117 あんこがたくさん入ってそう🥰❗️
ham,@yamauchi0117 あ！知ってます！！美味しいですよね！
ham,@yamauchi0117 島根出身の後輩がくれたことあります☺️美味しかったし、可愛かったです🥰
ham,@yamauchi0117 子供ん頃 食べたことあります❗️🤩 島根の銘菓だったんですね😳
ham,@yamauchi0117 知らなかったです！！可愛いしめちゃくちゃ美味しそうですね🤤🤤🤤
ham,@yamauchi0117 「まんじゅう👏🏻👏🏻、まんじゅう👏🏻👏🏻 とっても美味しいまんじゅう👏🏻👏🏻」の どじょうすくいまんじゅうですね😋  私も大好きです！
ham,@yamauchi0117 ありますー😍これ1番好きで島根の友達に送ってもらってます^^かわいい！ https://t.co/Gv14VOihAv
spam,@yamauchi0117 コマーシャルも好きでした ドジョースクイマンジュー
spam,@yamauchi0117 島根出身のみんなも（いい波乗ってんね〜）が脳内再生される
spam,@yamauchi0117 どっちが山内さんですか………？
spam,@yamauchi0117 そっくりじゃないですか😆‼️ 松江駅で買えたらいいのに♪
ham,@yamauchi0117 それ、ふるさと納税ですか？ どじょう掬い饅頭めっちゃ美味しそう！ 親の誕生日にあげます！教えてくれてありがとうございます😘
ham,@yamauchi0117 これ友達にもらったことあります🥰
ham,@yamauchi0117 山内さんに似てると思ったらそうゆう仕様だったのね〜✨可愛い〜✨
ham,@yamauchi0117 食べた事あります👏✨ おいしいです、コレ😊
ham,@yamauchi0117 島根行ったとき爆買いしました😳美味しかった😳
spam,@yamauchi0117 やっぱ太眉ですね😇
spam,@yamauchi0117 超有名ですやんー！ 安来節と共にw 母も島根出身だから知ってるだけなのかな…💦
spam,@yamauchi0117 初めて聞きました😳 眉毛の太さめっちゃ似てる😌笑
ham,@yamauchi0117 知ってます❣️めっちゃ可愛いしおいしかったです😍
spam,@yamauchi0117 そんなことより、猫逃がせます？
ham,@yamauchi0117 えー私も初めて知りました😳😳 山内さんバージョンの饅頭かわいすぎます🤣❤️
spam,@yamauchi0117 顔赤過ぎません？  日焼けしました？
spam,@yamauchi0117 山内さんバージョンの ほくろのとこ美味そうですね
ham,@yamauchi0117 懐かしい😆✨山内さん使用のどじょうすくいまんじゅう作られたんですね😄島根に帰ることが出来たら買ってみるけんね😊✨
spam,@yamauchi0117 右手のやつ山内さんモデルですか？？
ham,@yamauchi0117 めっちゃかわいいですね😍
ham,@yamauchi0117 山内さんver.めっちゃ似てます！ 可愛い〜✨✨
ham,@yamauchi0117 お饅頭見て　照れちゃってるんですかね？ お顔がなかなか赤いですけど😆  どじょう掬い饅頭初めて知りました かわいいですねー！
spam,@yamauchi0117 山内さんバージョンめっちゃ可愛くて似てますね😂知らなかった！食べてみたいです！
ham,@yamauchi0117 どじょうすくいまんじゅう知ってますぞ✊ 親戚のおじさんが島根県住んでるので🥺💗旅館に泊まったりすると部屋のお菓子箱に入ってますよね。
spam,@yamauchi0117 そんな大きいのは知りませんでした！
spam,@yamauchi0117 山内さんの顔なってる！ 凄い👏
spam,@yamauchi0117 バリ顔赤くて草
spam,@yamauchi0117 美味しそー!!!!
spam,@yamauchi0117 めちゃくちゃそっくりですねー！可愛い！
ham,@wagyu_joqr ４人が楽しんでいるのが伝わってきて、めちゃくちゃ面白かったです。 是非また和牛×アインシュタインやってください❗️ぜひぜひ😊
spam,@wagyu_joqr radikoで聞きました。モーラジ始まって1番面白かったです。ワロタ❗ゆずるってホンマに 喋り上手いなー吉本男前ランキング2位、3位やん。賢ちゃんもゆずるも東京行って寂しいな
spam,@wagyu_joqr @wagyu_info_east アキナも混ざれー！！
ham,@wagyu_joqr 待ってました！アキナはおらんのか バツウケメンバー集まって！
ham,@wagyu_joqr めちゃめちゃおもしろかったです！もっと聴きたいので、#ヒトハトも拝聴します
ham,@wagyu_joqr 和牛のお二人とアインシュタインのお二人の和気あいあいとした感じがとても楽しく聴かせていただきました。ありがとうございました。
spam,@wagyu_joqr 頑なにポーズ変えない和牛（笑）
ham,@wagyu_joqr 素敵なコラボありがとうございます😊深夜なのに続けて2回聴いてしまいました📻
ham,@wagyu_joqr 関西でも聞けるラジオをやってほしいって娘が言ってました。 娘(小６)が和牛さんのファンなのですがラジオが聞けなくて残念がってます。
ham,@wagyu_joqr 楽しく聞かせてもらいました。
ham,@wagyu_joqr リアタイもしたけど、最高に面白かったので、radikoでリピートします😆
ham,@wagyu_joqr 聴き逃してないけどまた聴きます！
spam,@wagyu_joqr かわにしさんこんな貴公子みたいな感じだったけ。、、
ham,@wagyu_joqr 楽しみすぎます♪ ゆずるさん可愛いですねw 川西さんはWポーズやってないんですねw
ham,@wagyu_joqr 楽しみすぎます！！！
spam,@wagyu_joqr 推し×推し🤍
ham,@wagyu_joqr 2人の手の角度が変わらなすぎて、間違い探しかと思った😂
ham,@wagyu_joqr 楽しみです🥺  尊いですね👐
ham,@wagyu_joqr ゆずるくんのピース、女の子ばりにかわいいですね☺️
ham,@wagyu_joqr 楽しみすぎます☺️💕
ham,@wagyu_joqr 楽しみすぎます〜！！！
ham,@wagyu_joqr 楽しみ〜🥰🥰🥰 賢志郎さんだけ、2枚ともダブルスケベのポーズやってないですね笑笑
spam,@wagyu_joqr どんなお話しをされたんでしょうか？🥰きっとたくさん笑い声が聴けるんでしょうね〜😆😆
ham,@wagyu_joqr ちゃんとゲストたててる川西さんもWマークしてる水田さんも河合さんもアヒル口っぽくなってる稲田さんもかわいいいい 今週も聴きます👂
ham,@wagyu_joqr この日を待ってました…😍 とっても楽しみです🤣
spam,@wagyu_joqr @wagyukawanishi この２組だけでも神回なのに、アキナの存在も欲してしまうw わがままな自分…
ham,@wagyu_joqr 水田さん、４０歳お誕生日おめでとうございます🎉🎂 服のセンスがいい水田さんですが、迷彩柄だけは、やめてほしいと思っています。平和を願う個人的な想いですが。
spam,@wagyu_joqr 和牛に会える日を夢みて、自分磨きを頑張って、偶然2人に会えたら、 抱いてもらえるんだ〜😍😍
ham,@wagyu_joqr @wagyukawanishi おはようございます。社員の若手、事務ワーク社員ちゃんと確認して下さいね。大きな会社だから大丈夫ですよね。そちらで何かありますか?大阪遊びに来てた。
ham,@wagyu_joqr @wagyu_info_east 川西さん大丈夫…？人気者で忙しいから体調崩しちゃったかな…？こんなご時世です、お二人共無理なさらず｡ﾟ(ﾟ´🐽`ﾟ)ﾟ｡ぶひぃｰん｡
ham,@wagyu_joqr 最初から最後まで最高でした✧︎  下ネタ言ってくれるの需要しかない()
ham,@wagyunomizuta 信二さんおやすみなさい🥰だいすきです❤️ https://t.co/BOuFOvOAaW
ham,@wagyunomizuta 信二さんおやすみなさい😘だーいすきです！ https://t.co/kUNA1476S9
ham,@wagyunomizuta ❤️
ham,@wagyunomizuta 信二さんおやすみなさい🥰ゆっくりお休みになってくださいね💗 https://t.co/7qku3BTujy
ham,@wagyunomizuta 信二さんおつかれさまです、おやすみなさい🥰 https://t.co/a2aEGAk5Il
ham,@wagyunomizuta 信二さんおやすみなさい😘 https://t.co/A1rwZmWCAA
ham,@wagyunomizuta 信二さんおやすみなさい！🥰 https://t.co/DlpPiALF40
spam,@wagyunomizuta 「実はカットされてました」っていうのテレビ愛媛で今やってます。いつ頃収録&amp;オンエアされてたやつだろ。見れるだけラッキーなのかな。
ham,@wagyunomizuta 🙌やったぁ！待ってました🎉早速書店に行きます😊
ham,@wagyunomizuta 信二さんおやすみなさい😘だーいすき！ https://t.co/M4hafrt3kB
ham,@wagyunomizuta  @wagyukawanishi   はやく和牛さんの漫才見に行きたいです🥺 https://t.co/DrlDqBEXHZ
ham,@wagyunomizuta 本予約しました🥰 クックパッドコラボカフェって何なんですかーー？？
ham,@wagyunomizuta 大きな会社素晴らしい。そちらで何も問題ないですよね。無事で帰宅。まだまだ風邪流行ってますもんね。弁当まだ〜直ぐ(^_^.)遊びに来てたかな。必ず確認して下さい。青年、社員。
ham,@wagyunomizuta 信二さんおやすみなさい😘安倍さんのモノマネほんまにレベル高くておもろいです🤣✨ https://t.co/yB0gEH9fL6
ham,@simofuriseiyam 天才！
ham,@simofuriseiyam ( ﾟ∀ﾟ)o彡ｾｲ！( ﾟ∀ﾟ)o彡ｾｲ！せいや
ham,@simofuriseiyam これ、面白かったです笑
ham,@simofuriseiyam これ本当にやばかったです！！！！神動画！！！！！！めちゃくちゃ笑った😂🤣🤣 そして、やっぱりせいやさんは天才ですね🧐‼️ しんどいと思うけど、是非またやってほしいです！！！！  周りの人達にめっちゃ勧めます！！！！
ham,@simofuriseiyam みた！
ham,@simofuriseiyam 再現度に爆笑しました🤣
ham,@simofuriseiyam 楽しみです❤️
ham,@simofuriseiyam 再現面白すぎて涙出ました🏇笑 記憶力エグすぎますて！！
ham,@simofuriseiyam 私も今一番見るの楽しみにしてる番組が霜バラですね‼️ ３０分の中でいろんな展開あるし見所満載です☺️
ham,@simofuriseiyam 徳井さんの話、熱かった〜！！芸人さんの話、おもろ過ぎた(o^^o)
spam,@simofuriseiyam 大玉転がし懐かしすぎるww
ham,@simofuriseiyam 朝見ました！最高でした〜〜😊
ham,@simofuriseiyam こっちもめちゃくちゃ嬉しかった！！
spam,@simofuriseiyam なんか、なぁ、携帯充電忘れてる、なぁ。
ham,@simofuriseiyam シンパイ賞大好きなので、めちゃくちゃ楽しみです！！ 8時間の長丁場お疲れ様でした☺️🌟
ham,@simofuriseiyam せいやさんの記憶力凄すぎます めちゃくちゃ面白かったです😂💕
ham,@simofuriseiyam めっちゃ笑いました！再現度がえぐい！分かってても応援してしまった！馬単私も見事に玉砕❤
ham,@simofuriseiyam はちゃめちゃに最高です！
ham,@simofuriseiyam 霜バラは色んな企画あって楽しいですが、何点か「シリーズ化」した方が良いと思います 宮下草薙の第7世代クリニックとか、R-1芸人のやつとか あの辺りがとても面白かったのでシリーズ化希望です
ham,@simofuriseiyam しもふりチューブの動画でトップクラスに好きでした！最高！
ham,@simofuriseiyam 霜バラの話題出た時嬉しすぎて泣きそうなりました😢 地域で見れないのでTVer勢ですけど、ほんと大好きな番組です🥺
ham,@simofuriseiyam #ワンコインものまね ならぬ ＃52万モノマネ でしたね笑笑
ham,@simofuriseiyam 東京タワーの回が好き(*^^*)
ham,@simofuriseiyam 見ました！7馬身からのクルーガーの下りめっちゃ笑いましたww🤣
spam,@simofuriseiyam おりがみの出来なさびっくりしてしまった笑
ham,@simofuriseiyam 霜降りバラエティ大好きなので自分のことのように嬉しかったです🥳🥳 今日も見ますね！！
ham,@simofuriseiyam 今日のしもふりチューブまじで面白かった😆せいやの再現、最高！！！！🏇💓
spam,@simofuriseiyam 大好きな霜バラがべた褒めされてて嬉しかったし、感動した😭💕💕 みんなで練って作ってる、霜降りの気持ちが乗った番組💖 もう最高すぎる🙏🏻✨ これからも霜降りちゃんにしか出来ないバラエティを追求して欲しいです！！！❤️
ham,@simofuriseiyam 今見てます！！嬉しい
ham,@simofuriseiyam 聴いててスゴく感動しました。。。熱い気持ち伝わりましたよね😂✨
spam,@simofuriseiyam このことについて、霜降りTubeで聞きたい
ham,@simofuriseiyam 再現力えぐかったです！笑 本当に競馬見てるみたいで競馬好きにはたまりませんでした♩ また絶対やってほしい企画です！！
ham,@simofuriseiyam せいやさんの再現度の高さ 尊敬します(笑) 今回も楽しませてもらいました！
ham,@simofuriseiyam すごい👏👏🌟霜降りファンも嬉しいです♡
ham,@simofuriseiyam 収録お疲れ様ですm(*_ _)m すごく楽しみです!!
ham,@simofuriseiyam 最近しもふりチューブ観る時間なくて、久々に観れたんですが、最高でした。せいやさんの全力の再現にお腹抱えて笑いましたし、それをハラハラして見守る粗品さんも面白かったです。何よりお二人のコンビ愛にいつも… https://t.co/QAUZ39eA2m
ham,@simofuriseiyam ほんと嬉し😊🌟主人公って素敵すぎ❣️
ham,@simofuriseiyam 霜バラの名前が出た時飛び上がりました
ham,@simofuriseiyam ほんまに！！！めちゃめちゃ嬉しかったです！！ほんとに永遠に聞いてられるテーマでしたわ今回の🌈アメトーークは！
ham,@simofuriseiyam 霜降りバラエティはほんまに霜降り明星の最高なところがつまってる。マイルドさんとかナダルとかの絡みも最高やし、水ダウと霜バラは毎週待ち遠しいです！
ham,@simofuriseiyam 霜降りが主人公感半端ないのすごく共感してみてました^ - ^霜降りバラエティも霜降りももっと誇らしくなった❤︎
ham,@simofuriseiyam 向井さんも語ってくれてます^ - ^
ham,@simofuriseiyam 霜バラ毎回見てます！今日も見ますね！
ham,@simofuriseiyam 褒められてるの見て嬉しくなりました🥰🥰🥰霜バラたのしみだなあ
ham,@simofuriseiyam めっちゃ熱かったですね…なんか泣きそうになりました（泣）
ham,@simofuriseiyam 見てました( ･ᴗ･ )！嬉しくてニヤニヤが止まりませんでした👼🏻
ham,@simofuriseiyam 嬉しいですね( ^＿^ )♡
ham,@simofuriseiyam せいやさんの再現度すごいし、めちゃおもしろかったです！
spam,@simofuriseiyam にやにやしてる(o^^o)できたらなぁーとやれたらなぁに「できるよ❣️」って返したい❤️
spam,@simofuriseiyam 「霜降り明星は主人公」って最高の褒め言葉ですね⭐彡
ham,@simofuriseiyam 見てました！めちゃくちゃ熱く語られてましたね！向井さん品川さんも褒めちぎってましたよね☺️ファンとしても誇らしいです☺️☺️霜降り明星は主人公ってまさにその通りだと思います🔥
ham,@simofuriseiyam 観てましたよ🎵
ham,@simofuriseiyam 👍
ham,@simofuriseiyam 良かったねせいや(о´∀`о)
ham,@simofuriseiyam 霜バラ大好きなので、めちゃくちゃ嬉しかったです🥰
ham,@simofuriseiyam わたしもめちゃくちゃ嬉しかったです！
ham,@simofuriseiyam 霜降り明星が少年ジャンプってめちゃくちゃ腑に落ちました…！！
ham,@simofuriseiyam こっちまで嬉しかったです😊 霜降りバラエティ最高です！
spam,@simofuriseiyam 霜バラはホントに面白い！TVerで観てるけど、こっちでも放送してくれれば、もっとお茶の間の人気者になれるのに…
ham,@simofuriseiyam 見てるのでとっても沸きました👏😭 パンサー向井さんもフリップに書いてくださってましたね( ᵕ_ᵕ̩̩ )！
spam,@simofuriseiyam せいやが絵文字使うのなんか珍しいｶﾓ😊😊
ham,@simofuriseiyam みた！霜バラもannも霜降りチューブも面白い！！
ham,@simofuriseiyam 徳井さんが選ぶってなると本気で選んでそうだから余計嬉しい！！（笑）
ham,@simofuriseiyam 色んな人に認められててすごいです😊
ham,@simofuriseiyam 冷めウマもプロフィールハンターも 全部好きです(笑)
ham,@simofuriseiyam アメトーーク激アツでしたね！わたしも折り紙のシーンめちゃ好きです！
ham,@simofuriseiyam あーまだ見れてない…明日の朝見ます。良かった！
spam,@simofuriseiyam いま、見てるよ。大好きみたいだね。
ham,@simofuriseiyam 徳井さんどころか他のメンバーにもべた褒めでしたな 先輩達の間でも 霜降り明星=少年ジャンプ って認識らしいです。凄い！
ham,@simofuriseiyam 徳井さん1番目に霜バラ書いてたから、絶対話してくれると思いました！ せいやさんも喜んでるし、こっちまで嬉しいです😊😊
ham,@simofuriseiyam 良かったね〜😂😂😂
ham,@simofuriseiyam アメトーーク見てました(*^▽^*) 霜降りバラエティが取り上げられてて私まで嬉しくなりました*\(^o^)/*
ham,@simofuriseiyam 霜バラ、先輩方たくさん見てくれてますね😆♡
ham,@simofuriseiyam 自分の事のように嬉しくなりながら観てました☺️☺️☺️ 冷めうまは共感です！
ham,@simofuriseiyam 射幸心あおられました
ham,@simofuriseiyam アメトークのこの企画大好き 霜降り絶賛ですね！
spam,@simofuriseiyam すごいね！芸歴が長くて見る目がある人に言われるってすごいね❣️
ham,@simofuriseiyam 今日のアメトーークげきアツ👏🏻😊 最高💕💕💕
ham,@simofuriseiyam 今日は、泣いていいと思う！
ham,@simofuriseiyam ベタ褒めでしたね👏👏同世代としてとても羨ましいです👏👏👏
ham,@simofuriseiyam こっちも嬉しいです😂
ham,@simofuriseiyam めちゃくちゃおもしろかった！！！ またやってください😊😊😊😊😊
ham,@simofuriseiyam 嬉しいですね(т_т)♡
ham,@simofuriseiyam みてます、、！！！げきあつ！！（＾ν＾）
ham,@simofuriseiyam せいやくん大好き‼️いいね！ください‼️
ham,@simofuriseiyam 褒められてるう🥰
ham,@simofuriseiyam いいね！^_^ 沖縄国際映画祭なかったから これみて癒されるのが日課！
ham,@simofuriseiyam 絶対それ知った時せいやさんその絵文字と同じ顔した～
ham,@simofuriseiyam みてましたよ😊
ham,@simofuriseiyam まじで神回でした！！！
ham,@simofuriseiyam 最高すぎた！！
spam,@simofuriseiyam また神回！記憶力がバケモン
ham,@simofuriseiyam 安田記念見てたので最初っから最後まで笑いっぱなしでした！死ぬ気で真似するせいやさん再現率高すぎてびっくりしました、すごすきです！本当におもしろかったのでまた見れるときを楽しみにしています♡宝塚記念ちょこっとだけ期待してます🥰笑
ham,@simofuriseiyam とっても面白かったです♡勝つまでやってほしい♡
ham,@simofuriseiyam せいやさんの記憶力と再現力凄すぎました❗️
spam,@simofuriseiyam せいや君12R全部やって！ 【次回せいやは何レース実況できるのか？‼】
ham,@simofuriseiyam お疲れ様です！楽しみにしてます✨✨✨
ham,@simofuriseiyam せいやさん！ 長丁場の収録お疲れ様です！！ オンエアがすごく楽しみです！！！
ham,@simofuriseiyam 楽しみです🥺絶対観ます！
ham,@simofuriseiyam サイコーでした！！！！
ham,@simofuriseiyam お疲れさまです(*^^*) 録画しました！！楽しみです♡
ham,@simofuriseiyam お疲れさまでした(´^ω^`) 放送楽しみにしてます！🌟
ham,@simofuriseiyam https://t.co/GwIpu3Wbxv
ham,@simofuriseiyam 史上最高におもろかったです笑
ham,@simofuriseiyam むちゃくちゃおもろかったです😂声出して笑いました🤣✨射幸心煽られる~~~😂✨
ham,@simofuriseiyam お疲れ様です！めっちゃ笑いました😂
ham,@simofuriseiyam 3週間前喉やった人とは思えん😂
ham,@simofuriseiyam 今見てきました😂 安田記念たまたま見てたので、再現度の高さわかって面白かったです😂😂😂
ham,@simofuriseiyam 長丁場おつかれさまです！！めちゃくちゃ楽しみです〜！！ ダウンタウンDXも面白かったです😂🌻✨
ham,@simofuriseiyam お疲れ様です！めちゃくちゃ楽しみ！！
ham,@simofuriseiyam たのしみにしてます✨
ham,@simofuriseiyam 神回です！めちゃくちゃ笑って、仕事の疲れが吹っ飛びました(*^^*)
spam,@simofuriseiyam 神回！！ プールで肺活量を鍛え、ジムで筋力をつけ、肉体をいじめぬいた成果が漫才以外でも役立ったね
ham,@simofuriseiyam ダウンタウンＤＸ面白すぎました！！😂😂
ham,@simofuriseiyam 丁寧にお礼いうとこほんとすき😊
ham,@simofuriseiyam 最高でした！
ham,@simofuriseiyam せいやすごいっ✨競馬の知識無いけどほんとこんな感じなんだろうなって😆
ham,@simofuriseiyam 見たよー🤭❤️
ham,@simofuriseiyam 今日のせいやさん https://t.co/xzeDuZYlF0
spam,@simofuriseiyam お疲れ様です☺️！！！放送楽しみにしてます〜〜☺︎︎︎︎︎✌︎
ham,@simofuriseiyam めちゃくちゃ面白かったです！
ham,@simofuriseiyam 52万賭けも再現もすごすぎました爆笑 次も楽しみ😂❤︎
ham,@simofuriseiyam せいや再現度高杉ですwwww またやってくださいw
ham,@simofuriseiyam 最高！！
ham,@simofuriseiyam まだみてなかった！今から鬼再生します！^_^💦
ham,@simofuriseiyam 可愛すぎるぞーせやちん🧏🏻‍♂️❤️❤️❤️
ham,@simofuriseiyam 新ネタ✨楽しみです〜8時間∑(ﾟДﾟ)お疲れ様でした！
ham,@simofuriseiyam 腹よじれるほど笑いました、せいやさん粗品さんの良さが爆発してて最近の動画でずば抜けて面白かったです！いやしもふりチューブいつも最高ですけど！めっちゃ元気でます、ありがとうございます！！
ham,@simofuriseiyam 収録お疲れ様でした🙋 RTとか見てて私の好きな芸人さんがたくさん出る予感がしているので、放送めちゃめちゃ楽しみです！
ham,@simofuriseiyam 長丁場の収録お疲れ様です！！ 楽しみにしてます😌😌
spam,@simofuriseiyam ダレノガレが狙ってるぞー おいおい、チャンスやないかい、おーい、大チャンス、あいみょんとどっちをとるんやーー！
ham,@simofuriseiyam 8時間！！楽しみにしてます！！
ham,@simofuriseiyam せいやさん、いないとこでめちゃくちゃモテてる www ダウンタウンDXおもろいw
ham,@simofuriseiyam  せいやさんの話 してるよ～ #ダウンタウンDX
ham,@simofuriseiyam こうゆう芸能人さん同士のリツイート会話見るの好き。(ほっこり？する？感情表現あってるかわからん) しもふりチューブ最高！！ https://t.co/jVoZqEFkkZ
ham,@simofuriseiyam お疲れです。😊
ham,@simofuriseiyam 実際に安田記念見てたんでクオリティーの高さにめっちゃ笑いました🤣✌︎︎✌︎︎また菊花賞や天皇賞でせいやさんの人間競馬楽しみにしてます🤫🤫💖💖
ham,@simofuriseiyam さすが競馬大好き芸人の川島さん😂❤️ 霜降りちゃんの事よく分かっててすごいなぁ😊💕💕
ham,@simofuriseiyam 最高に面白かったです！
ham,@simofuriseiyam せいやは まぁ！ をよく使うよね まぁの伝道師
spam,@simofuriseiyam お疲れ様‼️ 早く見たいっ😄😄😄
ham,@simofuriseiyam せいやさん♪収録お疲れ様でした(*^▽^*) 土曜日の放送楽しみにしています(*^^*)
ham,@simofuriseiyam ながぁー！！お疲れ様です( ˘͈ ᵕ ˘͈  ) 楽しみ😆😆😆
ham,@simofuriseiyam めちゃくちゃおもしろかったです
ham,@simofuriseiyam 最高やん〜〜ラブ
ham,@simofuriseiyam たくさんの笑をありがとう！
ham,@simofuriseiyam 8時間お疲れ様です！！！！！！ 13日の夜はテレビ前待機必須ですね👀楽しみです！！
ham,@simofuriseiyam お疲れ様でした😌 めちゃくちゃ楽しみにしてます!!
ham,@simofuriseiyam 長時間お疲れさまでした！！めっちゃくちゃ楽しみです！！！
ham,@simofuriseiyam @mikiasei ｡ஐஃ㋔㋡㋕㋹㋚㋮｡ஐஃ 見まーす🎶楽しみ～🙌💓
ham,@simofuriseiyam まじでおもろかった笑笑笑笑
ham,@simofuriseiyam お疲れ様です、楽しみすぎる！！
spam,@simofuriseiyam めずらしい、こんなに言うの！
ham,@simofuriseiyam はらちぎれるくらい笑いました
ham,@simofuriseiyam 8時間！！😲 お疲れ様です‥！！
ham,@simofuriseiyam 爆問さんは最新の不倫ネタですね！
ham,@simofuriseiyam お疲れ様です😊 すごーい楽しみ✨
ham,@simofuriseiyam お疲れ様でした👍
ham,@simofuriseiyam お疲れ様です！！！今1番楽しみにしてる番組です😭😭放送待ち遠しいです🙉✨✨
ham,@simofuriseiyam お疲れ様でした！楽しみです〜！
ham,@simofuriseiyam お疲れ様でした🎵疲れてませんか？
ham,@simofuriseiyam 8時間…！！本当におつかれさまです！ めちゃくちゃ楽しみです🥰 早く舞台で動き回るせいやさんが見たい！！！🐎
ham,@simofuriseiyam お疲れ様です😌🍵 絶対見ます‼️
ham,@simofuriseiyam たのしみーー！！！！
ham,@simofuriseiyam お疲れ様です！ めちゃくちゃ嬉しみです🌸🌸
ham,@simofuriseiyam たのしみ！(^-^)
ham,@simofuriseiyam 競馬賭け方もわからんド素人だけどなまら笑った
ham,@simofuriseiyam お疲れ様です！！
ham,@simofuriseiyam 早く見たいです😃
spam,@simofuriseiyam いつものシンパイ賞は、こっちで放送されてないので、めちゃ嬉しい！楽しみ♬
ham,@simofuriseiyam 8時間!? お疲れ様です(´・∀・｀) 放送楽しみです🥰
ham,@simofuriseiyam 楽しみです！！(＾ν＾)
ham,@simofuriseiyam 観ます!!
spam,@simofuriseiyam お疲れ様です！ 体調気を付けてくださいね🙃🙂
ham,@simofuriseiyam お疲れ様ーー！長いね🤭楽しみです
ham,@simofuriseiyam おつかれさまです♡♡
ham,@simofuriseiyam 長丁場の収録お疲れ様でした🌟この放送が今の1番の楽しみでワクワクしてます🐹
ham,@simofuriseiyam Ww😆😆
ham,@simofuriseiyam せいやくん、おつかれさまでした〜😊たのしみにしてます👍🏻
ham,@simofuriseiyam 8時間！？お疲れ様です！ 楽しみにしてます！！＾＾
ham,@simofuriseiyam 8時間…！お疲れ様でした！ 放送楽しみにしてます🥰
ham,@simofuriseiyam 明後日放送のやつ今日収録だったんですか？
ham,@simofuriseiyam 8時間！お疲れ様です。みるの楽しみです☺︎
ham,@simofuriseiyam お疲れ様です！！ 見ますね！
ham,@simofuriseiyam お疲れ様です⸜(* ॑꒳ ॑* )⸝
ham,@simofuriseiyam わ〜せいやさん！長時間の収録、お疲れ様でした！！！！！放送めちゃくちゃ楽しみにしてます！！！！！！！
ham,@simofuriseiyam めっちゃ面白かったです！！熱演お疲れ様でした！（笑）また見たいです！
ham,@simofuriseiyam お疲れ様です！ 放送楽しみにしております～！
ham,@simofuriseiyam そんなに長いんですか？？！お疲れ様です 今夜はゆっくり寝てくださいね
ham,@simofuriseiyam お疲れ様でした！！楽しみです☺️
ham,@simofuriseiyam せいやくん、お疲れ様でした✨✨
ham,@simofuriseiyam 8時間！😮 長丁場お疲れさまでした、土曜日を楽しみにしてます！
ham,@simofuriseiyam お疲れ様です！！
ham,@simofuriseiyam せいやさんお疲れ様です😭❤️❤️❤️ 霜降りちゃんはどんなネタなんだろ...💭💗 あさって楽しみにしてます🥺💖
ham,@simofuriseiyam 遅くまでお疲れさまです❣️ めちゃくちゃ楽しみです^ - ^❤️
ham,@simofuriseiyam お疲れ様でした！ 放送楽しみです☺️❣️
spam,@simofuriseiyam 長時間の収録お疲れ様でした！！！！
ham,@simofuriseiyam お疲れ様です💝💝 たのしみです‧˚₊*̥⸜(* ॑꒳ ॑* )⸝‧˚₊*̥✨
ham,@simofuriseiyam お疲れ様です！！楽しみにしてます！！
ham,@simofuriseiyam 収録お疲れ様でした🍵 めちゃくちゃたのしみです！
ham,@simofuriseiyam お疲れ様です！！めちゃくちゃ楽しみですっ(^_^)
ham,@simofuriseiyam お疲れ様です！✨わ〜たのしみ〜😆
ham,@simofuriseiyam お疲れ様でした。
ham,@simofuriseiyam お疲れ様ですー！めっちゃ楽しみ💡
ham,@simofuriseiyam お疲れさまでした！ すっごい楽しみです😍🙌
ham,@simofuriseiyam 収録お疲れ様でした! 今からオンエアが楽しみです☺️
ham,@simofuriseiyam お疲れ様です！！楽しみです🥰
ham,@simofuriseiyam 楽しみです😌✨
ham,@simofuriseiyam たんのしみいっ！！
ham,@simofuriseiyam 楽しみです😳
ham,@simofuriseiyam 霜降り明星さんも新ネタですか？
ham,@simofuriseiyam お疲れ様でした！！！！！ 8時間すごい体力です尊敬します
ham,@simofuriseiyam お疲れ様でした～！楽しみにしてます✨
ham,@simofuriseiyam たのしみ🥰
ham,@simofuriseiyam おちゅ
ham,@bakumonshimpai @rinnxofficial @kanechi_monster もう金曜日か！早いなぁ🥰✨
spam,@bakumonshimpai ミキ第七世代の方じゃないんだw
spam,@bakumonshimpai @Torosalmon_fan とろサーモン🤩ワクワク(=´∀｀)人(´∀｀=)♪
ham,@bakumonshimpai めっちゃくちゃたのしみにしてます!!
spam,@bakumonshimpai TAKE 2のバージョン、ツイートしてください😭いいねしたい♡♡  ピーちゃんが可愛いすぎる😍
ham,@bakumonshimpai @pekopa_media 楽しみ～✨
ham,@bakumonshimpai 新井さんの伊勢ダンス、 手の動きと表情に、ウケました(^ω^)笑 観て笑顔になりますね。
ham,@bakumonshimpai 低ねとさん気になります！笑 楽しみです✨
ham,@bakumonshimpai 撮影の裏側のバージョンを拝見しました！！楽しみです！！！
spam,@bakumonshimpai 嬉しいです。。。四千頭身。。
ham,@bakumonshimpai @pekopa_media 死ぬほど楽しみです🤎❗ ぺこぱとEXITをキャスティングしてくれて有難うございます〜🥺
ham,@bakumonshimpai 見てみた～い🤗
ham,@bakumonshimpai @tv_asahi_PR https://t.co/XjEabCBjQ4
ham,@bakumonshimpai 面白かったです(笑) ニューヨークのトークや太田さんのツッコミ、大笑いです。SMP NEWS：知らない方のことを言われても。。。 新井さんのリアクション表情が良かった(*^_^*)
ham,@bakumonshimpai 絶対見ます🥰EXIＴ出ますよね💖
ham,@bakumonshimpai @ohtaproNakahara 素敵  早くソーシャルディスタンス開けると最高！
spam,@bakumonshimpai EXIT出るん？！
spam,そしてTELASA🗼でも シンパイ賞が配信中✨  6/13（土）18:56〜放送の特番 「ネタジェネバトル2020」  のもとになった4週に渡る「シンパイなネタ企画」もイッキに復習出来るので是非に🧡🤍  #テラサ #シンパイ賞 https://t.co/fEtL8wdeHI
ham,コーナーが特番になるなんて… 視聴者のみなさんに感謝です😍🧡  もちろん今週の見逃し配信も見てね✨  なんと、芸人シンパイニュースの第2弾が早くも決定⁉️ こちらも続報を待て〜🤩🧡🤍  #テレ朝キャッチアップ #Abema… https://t.co/I63YCYtdwV
ham,@bakumonshimpai ニューヨーク嬉しい！シンパイ賞のニューヨークvs粗品&amp;兼近の構図が第７論争の中で1番面白かったから、また合わせて呼んでほしい
ham,@bakumonshimpai @exitxinfo シンパイ賞スキですぅ～🎵